ID,名称,类型,价值,配件数,配件槽数,基础伤害,优势射程,后坐力控制,操控速度,据枪稳定性,腰际射击精度,护甲伤害,射速,容量,枪口初速,枪声传播距离
357,.357左轮,手枪,0,190,16,56,35,34,62,43,65,39,182,6,340,300
725,725双管霰弹枪,霰弹枪,31567,128,16,17,15,25,50,48,47,18,375,2,400,500
93r,93R,手枪,15562,24,6,34,22,44,67,38,78,32,508,12,400,300
复合弓,复合弓,特殊武器,107679,11,7,90,65,32,66,55,57,65,182,1,300,30
杠杆式步枪,杠杆式步枪,精确射手步枪,65345,201,17,70,30,47,55,49,43,25,100,10,750,600
沙漠之鹰,沙漠之鹰,手枪,15587,28,7,56,15,40,66,39,71,53,207,7,340,300
腾龙突击步枪,腾龙突击步枪,步枪,116218,191,22,35,35,40,60,50,56,38,706,30,575,500
野牛冲锋枪,野牛冲锋枪,冲锋枪,11689,144,19,32,20,43,62,49,63,35,659,32,500,300
勇士冲锋枪,勇士冲锋枪,冲锋枪,46474,215,23,36,20,40,63,48,48,35,700,30,500,300
ak-12,AK-12突击步枪,步枪,0,230,26,30,40,48,57,56,54,42,735,30,575,500
akm,AKM突击步枪,步枪,113947,374,24,40,40,39,54,55,53,42,600,30,525,500
aks-74u,AKS-74U突击步枪,步枪,11785,175,22,34,40,35,60,53,52,36,533,20,500,500
ar57,AR57突击步枪,步枪,176804,160,19,30,35,41,58,40,60,31,900,50,525,300
ash-12,ASh-12战斗步枪,步枪,226228,143,16,56,55,24,57,61,43,55,500,20,340,600
asval,ASVal突击步枪,步枪,257021,165,19,28,21,43,62,51,57,44,972,15,300,100
aug,AUG突击步枪,步枪,118844,186,19,32,55,60,54,59,53,35,679,30,575,500
awm,AWM狙击步枪,狙击步枪,738323,123,16,100,200,20,44,74,23,10,35,5,750,800
car-15,CAR-15突击步枪,步枪,11765,474,24,27,40,50,58,55,53,32,632,20,575,500
fs-12,FS-12霰弹枪,霰弹枪,69053,95,14,14,12,30,52,47,51,16,300,6,450,500
g17,G17,手枪,4703,20,6,27,27,42,70,35,75,25,462,17,400,300
g18,G18,手枪,18543,19,6,23,10,30,62,43,67,16,1172,17,400,300
g3,G3战斗步枪,步枪,0,248,20,39,55,32,51,62,45,42,533,20,630,600
k416,K416突击步枪,步枪,0,199,25,31,27,44,61,52,57,35,880,30,575,500
k437,K437突击步枪,步枪,134520,208,21,36,35,45,48,53,49,32,780,30,575,500
kc17,KC17突击步枪,步枪,202527,189,21,31,55,53,53,48,45,48,740,30,575,500
m1014,M1014霰弹枪,霰弹枪,26207,146,17,14,12,28,53,45,52,16,261,7,450,500
m14,M14射手步枪,精确射手步枪,169094,280,23,39,40,26,52,55,48,41,727,10,575,600
m16a4,M16A4突击步枪,步枪,11794,549,26,33,55,40,56,57,54,39,508,20,575,500
m1911,M1911,手枪,16894,19,8,40,15,39,65,40,67,30,373,7,400,300
m249,M249轻机枪,轻机枪,76000,206,22,30,40,44,47,55,48,38,858,100,575,600
m250,M250通用机枪,轻机枪,299926,172,19,55,40,40,38,50,45,53,550,125,630,600
m4a1,M4A1突击步枪,步枪,110415,204,26,31,40,41,58,55,55,33,800,30,575,500
m700,M700狙击步枪,狙击步枪,125624,246,23,61,150,24,48,70,27,58,48,5,650,600
m7,M７战斗步枪,步枪,257718,194,24,37,50,34,51,58,43,40,649,20,630,600
m82,M82狙击步枪,狙击步枪,221881,138,17,100,200,10,20,66,15,20,100,5,525,1000
m870,M870霰弹枪,霰弹枪,4748,124,16,17,12,26,57,41,49,16,74,6,400,500
mcxlt,MCXLT突击步枪,步枪,87901,223,23,34,30,44,61,52,57,26,840,30,450,500
mini-14,Mini-14射手步枪,精确射手步枪,38072,255,17,34,90,60,52,63,37,38,590,10,650,600
mk47,MK47突击步枪,步枪,188001,193,22,42,30,35,55,50,53,46,625,20,525,500
mk4,MK4冲锋枪,冲锋枪,81113,198,24,34,20,46,60,51,50,30,793,24,475,300
mp5,MP5冲锋枪,冲锋枪,49427,294,17,30,20,53,66,45,68,32,820,30,450,300
mp7,MP7冲锋枪,冲锋枪,223771,189,21,32,20,55,67,44,68,28,950,20,450,300
p90,P90冲锋枪,冲锋枪,87678,164,16,32,20,48,56,45,60,35,898,50,450,300
pkm,PKM通用机枪,轻机枪,87413,221,18,45,40,36,42,59,45,42,669,75,630,600
psg-1,PSG-1射手步枪,未知类型,109107,265,21,50,90,60,49,66,34,55,300,10,550,600
ptr-32,PTR-32突击步枪,步枪,44676,250,20,36,40,32,56,57,45,37,632,30,630,600
qbz95-1,QBZ95-1突击步枪,步枪,40472,173,22,28,55,52,55,58,54,42,679,30,575,500
qcq171,QCQ171冲锋枪,冲锋枪,121588,215,23,36,20,47,60,46,58,33,763,30,450,300
qjb201,QJB201轻机枪,轻机枪,101008,169,18,32,40,52,50,56,50,38,785,125,575,600
qsz92g,QSZ92G,手枪,0,14,4,34,27,55,64,41,77,32,375,15,400,300
r93,R93狙击步枪,狙击步枪,116397,150,16,61,150,55,57,66,28,58,56,10,550,600
rm277,RM277突击步枪,步枪,109306,192,23,41,55,48,50,59,44,42,550,30,650,500
s12k,S12K霰弹枪,霰弹枪,39267,250,23,13,10,36,55,49,48,16,300,5,300,500
scar-h,SCAR-H战斗步枪,步枪,98731,205,23,40,40,40,58,55,45,41,585,20,630,600
sg552,SG552突击步枪,步枪,0,219,24,25,35,46,61,52,53,34,906,20,575,500
sks,SKS射手步枪,精确射手步枪,43849,180,18,48,55,30,55,60,38,49,510,10,575,600
smg-45,SMG-45冲锋枪,冲锋枪,50908,193,24,35,27,52,70,41,65,40,605,25,500,300
sr-25,SR-25射手步枪,精确射手步枪,207049,218,23,50,60,56,56,59,40,55,364,10,550,600
sr-3m,SR-3M紧凑突击步枪,冲锋枪,106401,192,22,36,15,45,63,43,68,48,747,15,330,300
sr9,SR9射手步枪,精确射手步枪,10591,237,19,50,90,45,43,57,31,55,261,10,550,600
sv-98,SV-98狙击步枪,狙击步枪,0,134,13,60,150,55,49,74,26,58,44,7,650,600
svch,SVCH精确射手步枪,精确射手步枪,129004,193,22,47,65,40,42,50,35,46,600,10,680,600
svd,SVD狙击步枪,精确射手步枪,110568,248,23,56,70,42,48,67,34,56,300,10,500,600
uzi,UZI冲锋枪,冲锋枪,11724,145,16,28,20,50,68,43,66,35,780,25,450,300
vector,Vector冲锋枪,冲锋枪,240195,226,21,32,20,38,69,42,52,28,1091,17,500,300
vss,VSS射手步枪,精确射手步枪,46950,145,17,40,120,46,54,61,38,48,480,15,330,100
