武器ID,武器名称,触发配件,动作,目标槽位
357,.357左轮,灵眼3/7弹道计算狙击镜,add,遮光罩
357,.357左轮,M157火控光学系统,add,遮光罩
357,.357左轮,LPVO多倍率战斗瞄具,add,遮光罩
357,.357左轮,3/7可调倍率狙击镜,add,遮光罩
357,.357左轮,3/7可调倍率狙击镜,add,上副瞄具
357,.357左轮,侦察1.5/5可调瞄准镜,add,遮光罩
357,.357左轮,MEO微型瞄具增高架,add,瞄准镜
357,.357左轮,.357左轮逐风者长枪管,add,前握把
357,.357左轮,.357左轮逐风者长枪管,add,导轨脚架
357,.357左轮,.357左轮逐风者长枪管,add,上导轨
357,.357左轮,.357左轮逐风者长枪管,add,右导轨
357,.357左轮,.357左轮逐风者长枪管,add,上贴片
357,.357左轮,.357左轮逐风者长枪管,add,左导轨
357,.357左轮,.357左轮逐风者长枪管,add,右贴片
357,.357左轮,.357左轮逐风者长枪管,add,左贴片
357,.357左轮,.357左轮逐风者枪管,add,前握把
357,.357左轮,.357左轮逐风者枪管,add,上导轨
357,.357左轮,.357左轮逐风者枪管,add,导轨脚架
357,.357左轮,.357左轮逐风者枪管,add,左导轨
357,.357左轮,.357左轮逐风者枪管,add,上贴片
357,.357左轮,.357左轮逐风者枪管,add,右导轨
357,.357左轮,.357左轮逐风者枪管,add,左贴片
357,.357左轮,.357左轮逐风者枪管,add,右贴片
357,.357左轮,.357左轮逐风者后握把,add,枪托
725,725双管霰弹枪,灵眼3/7弹道计算狙击镜,add,遮光罩
725,725双管霰弹枪,M157火控光学系统,add,遮光罩
725,725双管霰弹枪,LPVO多倍率战斗瞄具,add,遮光罩
725,725双管霰弹枪,3/7可调倍率狙击镜,add,遮光罩
725,725双管霰弹枪,3/7可调倍率狙击镜,add,上副瞄具
725,725双管霰弹枪,侦察1.5/5可调瞄准镜,add,遮光罩
725,725双管霰弹枪,MEO微型瞄具增高架,add,瞄准镜
725,725双管霰弹枪,多用途战术增高架,add,战术设备
725,725双管霰弹枪,多用途战术增高架,add,增高座瞄具
725,725双管霰弹枪,微型瞄具增高架,add,增高座瞄具
725,725双管霰弹枪,725双管霰弹枪鹰隼长枪管,add,前握把
725,725双管霰弹枪,725双管霰弹枪鹰隼长枪管,add,左导轨
725,725双管霰弹枪,725双管霰弹枪鹰隼长枪管,add,右导轨
725,725双管霰弹枪,725双管霰弹枪鹰隼长枪管,add,上贴片
725,725双管霰弹枪,725双管霰弹枪鹰隼长枪管,add,左贴片
725,725双管霰弹枪,725双管霰弹枪鹰隼长枪管,add,右贴片
杠杆式步枪,杠杆式步枪,灵眼6/12弹道计算狙击镜,add,遮光罩
杠杆式步枪,杠杆式步枪,灵眼3/7弹道计算狙击镜,add,遮光罩
杠杆式步枪,杠杆式步枪,M157火控光学系统,add,遮光罩
杠杆式步枪,杠杆式步枪,6/12神射手变倍狙击镜,add,遮光罩
杠杆式步枪,杠杆式步枪,6/12神射手变倍狙击镜,add,上副瞄具
杠杆式步枪,杠杆式步枪,LPVO多倍率战斗瞄具,add,遮光罩
杠杆式步枪,杠杆式步枪,3/7可调倍率狙击镜,add,遮光罩
杠杆式步枪,杠杆式步枪,3/7可调倍率狙击镜,add,上副瞄具
杠杆式步枪,杠杆式步枪,光学狙击8倍瞄准镜,add,遮光罩
杠杆式步枪,杠杆式步枪,侦察1.5/5可调瞄准镜,add,遮光罩
杠杆式步枪,杠杆式步枪,MEO微型瞄具增高架,add,瞄准镜
杠杆式步枪,杠杆式步枪,多用途战术增高架,add,战术设备
杠杆式步枪,杠杆式步枪,多用途战术增高架,add,增高座瞄具
杠杆式步枪,杠杆式步枪,微型瞄具增高架,add,增高座瞄具
杠杆式步枪,杠杆式步枪,M3狙击镜,add,遮光罩
杠杆式步枪,杠杆式步枪,杠杆式步枪拓荒者枪管,add,前握把
杠杆式步枪,杠杆式步枪,杠杆式步枪拓荒者枪管,add,左导轨
杠杆式步枪,杠杆式步枪,杠杆式步枪拓荒者枪管,add,右导轨
杠杆式步枪,杠杆式步枪,杠杆式步枪猎鹿人枪管,add,前握把
杠杆式步枪,杠杆式步枪,杠杆式步枪猎鹿人枪管,add,上导轨
杠杆式步枪,杠杆式步枪,杠杆式步枪猎鹿人枪管,add,左导轨
杠杆式步枪,杠杆式步枪,杠杆式步枪猎鹿人枪管,add,右贴片
杠杆式步枪,杠杆式步枪,杠杆式步枪猎鹿人枪管,add,右导轨
杠杆式步枪,杠杆式步枪,杠杆式步枪猎鹿人枪管,add,左贴片
杠杆式步枪,杠杆式步枪,杠杆式步枪骨架枪托,add,托腮板
沙漠之鹰,沙漠之鹰,MEO微型瞄具增高架,add,瞄准镜
腾龙突击步枪,腾龙突击步枪,灵眼3/7弹道计算狙击镜,add,遮光罩
腾龙突击步枪,腾龙突击步枪,M157火控光学系统,add,遮光罩
腾龙突击步枪,腾龙突击步枪,LPVO多倍率战斗瞄具,add,遮光罩
腾龙突击步枪,腾龙突击步枪,3/7可调倍率狙击镜,add,遮光罩
腾龙突击步枪,腾龙突击步枪,3/7可调倍率狙击镜,add,上副瞄具
腾龙突击步枪,腾龙突击步枪,侦察1.5/5可调瞄准镜,add,遮光罩
腾龙突击步枪,腾龙突击步枪,MEO微型瞄具增高架,add,瞄准镜
腾龙突击步枪,腾龙突击步枪,多用途战术增高架,add,战术设备
腾龙突击步枪,腾龙突击步枪,多用途战术增高架,add,增高座瞄具
腾龙突击步枪,腾龙突击步枪,微型瞄具增高架,add,增高座瞄具
腾龙突击步枪,腾龙突击步枪,新式蛟龙战术长枪管,add,上贴片
腾龙突击步枪,腾龙突击步枪,新式蛟龙战术长枪管,add,左贴片
腾龙突击步枪,腾龙突击步枪,新式蛟龙战术长枪管,add,导轨脚架
腾龙突击步枪,腾龙突击步枪,新式蛟龙战术长枪管,add,右贴片
腾龙突击步枪,腾龙突击步枪,5.8新式60发弹鼓,disable,弹匣座
野牛冲锋枪,野牛冲锋枪,灵眼3/7弹道计算狙击镜,add,遮光罩
野牛冲锋枪,野牛冲锋枪,M157火控光学系统,add,遮光罩
野牛冲锋枪,野牛冲锋枪,LPVO多倍率战斗瞄具,add,遮光罩
野牛冲锋枪,野牛冲锋枪,3/7可调倍率狙击镜,add,遮光罩
野牛冲锋枪,野牛冲锋枪,3/7可调倍率狙击镜,add,上副瞄具
野牛冲锋枪,野牛冲锋枪,侦察1.5/5可调瞄准镜,add,遮光罩
野牛冲锋枪,野牛冲锋枪,MEO微型瞄具增高架,add,瞄准镜
野牛冲锋枪,野牛冲锋枪,多用途战术增高架,add,战术设备
野牛冲锋枪,野牛冲锋枪,多用途战术增高架,add,增高座瞄具
野牛冲锋枪,野牛冲锋枪,微型瞄具增高架,add,增高座瞄具
野牛冲锋枪,野牛冲锋枪,QR高性能后托,disable,枪托垫
野牛冲锋枪,野牛冲锋枪,CT增强型后托,disable,枪托垫
野牛冲锋枪,野牛冲锋枪,影袭托芯枪托,disable,枪托垫
野牛冲锋枪,野牛冲锋枪,MRGS镂空枪托,disable,枪托垫
野牛冲锋枪,野牛冲锋枪,PT3死士枪托,disable,枪托垫
野牛冲锋枪,野牛冲锋枪,PT1特种枪托,disable,枪托垫
野牛冲锋枪,野牛冲锋枪,UR特种战术枪托,disable,枪托垫
野牛冲锋枪,野牛冲锋枪,影袭导轨枪托,disable,枪托垫
野牛冲锋枪,野牛冲锋枪,骨架狙击枪托,disable,枪托垫
野牛冲锋枪,野牛冲锋枪,AK19枪托,disable,枪托垫
野牛冲锋枪,野牛冲锋枪,枢机先进战斗枪托,disable,枪托垫
野牛冲锋枪,野牛冲锋枪,416稳固枪托,disable,枪托垫
野牛冲锋枪,野牛冲锋枪,416轻型枪托,disable,枪托垫
野牛冲锋枪,野牛冲锋枪,精英轻型枪托,disable,枪托垫
野牛冲锋枪,野牛冲锋枪,侵掠核心枪托,disable,枪托垫
野牛冲锋枪,野牛冲锋枪,枢机稳固枪托,disable,枪托垫
野牛冲锋枪,野牛冲锋枪,闪电导轨枪托,disable,枪托垫
野牛冲锋枪,野牛冲锋枪,AK枪托尾盖,disable,枪托垫
野牛冲锋枪,野牛冲锋枪,AK骨架枪托,disable,枪托垫
野牛冲锋枪,野牛冲锋枪,实用轻型枪托,disable,枪托垫
野牛冲锋枪,野牛冲锋枪,实用战术枪托,disable,枪托垫
野牛冲锋枪,野牛冲锋枪,实用稳定枪托,disable,枪托垫
野牛冲锋枪,野牛冲锋枪,核心导轨枪托,disable,枪托垫
野牛冲锋枪,野牛冲锋枪,AK重塔握把,add,握把座
勇士冲锋枪,勇士冲锋枪,灵眼3/7弹道计算狙击镜,add,遮光罩
勇士冲锋枪,勇士冲锋枪,M157火控光学系统,add,遮光罩
勇士冲锋枪,勇士冲锋枪,LPVO多倍率战斗瞄具,add,遮光罩
勇士冲锋枪,勇士冲锋枪,3/7可调倍率狙击镜,add,遮光罩
勇士冲锋枪,勇士冲锋枪,3/7可调倍率狙击镜,add,上副瞄具
勇士冲锋枪,勇士冲锋枪,侦察1.5/5可调瞄准镜,add,遮光罩
勇士冲锋枪,勇士冲锋枪,MEO微型瞄具增高架,add,瞄准镜
勇士冲锋枪,勇士冲锋枪,多用途战术增高架,add,战术设备
勇士冲锋枪,勇士冲锋枪,多用途战术增高架,add,增高座瞄具
勇士冲锋枪,勇士冲锋枪,微型瞄具增高架,add,增高座瞄具
勇士冲锋枪,勇士冲锋枪,勇士海狸枪管,add,上导轨
勇士冲锋枪,勇士冲锋枪,勇士海狸枪管,add,左导轨
勇士冲锋枪,勇士冲锋枪,勇士海狸枪管,add,左贴片
勇士冲锋枪,勇士冲锋枪,勇士海狸枪管,add,右贴片
勇士冲锋枪,勇士冲锋枪,勇士战术枪管,add,左导轨
勇士冲锋枪,勇士冲锋枪,锚点导轨后托,disable,枪托垫
勇士冲锋枪,勇士冲锋枪,QR高性能后托,disable,枪托垫
勇士冲锋枪,勇士冲锋枪,CT增强型后托,disable,枪托垫
勇士冲锋枪,勇士冲锋枪,影袭托芯枪托,disable,枪托垫
勇士冲锋枪,勇士冲锋枪,MRGS镂空枪托,disable,枪托垫
勇士冲锋枪,勇士冲锋枪,PT3死士枪托,disable,枪托垫
勇士冲锋枪,勇士冲锋枪,PT1特种枪托,disable,枪托垫
勇士冲锋枪,勇士冲锋枪,UR特种战术枪托,disable,枪托垫
勇士冲锋枪,勇士冲锋枪,影袭导轨枪托,disable,枪托垫
勇士冲锋枪,勇士冲锋枪,骨架狙击枪托,disable,枪托垫
勇士冲锋枪,勇士冲锋枪,AK19枪托,disable,枪托垫
勇士冲锋枪,勇士冲锋枪,枢机先进战斗枪托,disable,枪托垫
勇士冲锋枪,勇士冲锋枪,416稳固枪托,disable,枪托垫
勇士冲锋枪,勇士冲锋枪,416轻型枪托,disable,枪托垫
勇士冲锋枪,勇士冲锋枪,精英轻型枪托,disable,枪托垫
勇士冲锋枪,勇士冲锋枪,侵掠核心枪托,disable,枪托垫
勇士冲锋枪,勇士冲锋枪,枢机稳固枪托,disable,枪托垫
勇士冲锋枪,勇士冲锋枪,闪电导轨枪托,disable,枪托垫
勇士冲锋枪,勇士冲锋枪,AK枪托尾盖,disable,枪托垫
勇士冲锋枪,勇士冲锋枪,AK骨架枪托,disable,枪托垫
勇士冲锋枪,勇士冲锋枪,实用轻型枪托,disable,枪托垫
勇士冲锋枪,勇士冲锋枪,实用战术枪托,disable,枪托垫
勇士冲锋枪,勇士冲锋枪,实用稳定枪托,disable,枪托垫
勇士冲锋枪,勇士冲锋枪,核心导轨枪托,disable,枪托垫
勇士冲锋枪,勇士冲锋枪,AK重塔握把,add,握把座
勇士冲锋枪,勇士冲锋枪,勇士海狸枪管,add,前握把
勇士冲锋枪,勇士冲锋枪,勇士战术枪管,add,前握把
ak-12,AK-12突击步枪,灵眼3/7弹道计算狙击镜,add,遮光罩
ak-12,AK-12突击步枪,M157火控光学系统,add,遮光罩
ak-12,AK-12突击步枪,LPVO多倍率战斗瞄具,add,遮光罩
ak-12,AK-12突击步枪,3/7可调倍率狙击镜,add,遮光罩
ak-12,AK-12突击步枪,3/7可调倍率狙击镜,add,上副瞄具
ak-12,AK-12突击步枪,侦察1.5/5可调瞄准镜,add,遮光罩
ak-12,AK-12突击步枪,MEO微型瞄具增高架,add,瞄准镜
ak-12,AK-12突击步枪,多用途战术增高架,add,战术设备
ak-12,AK-12突击步枪,多用途战术增高架,add,增高座瞄具
ak-12,AK-12突击步枪,微型瞄具增高架,add,增高座瞄具
ak-12,AK-12突击步枪,AK12精英脚架长枪管,add,左贴片
ak-12,AK-12突击步枪,AK12精英脚架长枪管,add,左导轨
ak-12,AK-12突击步枪,AK12精英脚架长枪管,add,上贴片
ak-12,AK-12突击步枪,AK12精英脚架长枪管,add,右贴片
ak-12,AK-12突击步枪,AK12前线长枪管,add,上贴片
ak-12,AK-12突击步枪,AK12前线长枪管,add,左导轨
ak-12,AK-12突击步枪,AK12前线长枪管,add,导轨脚架
ak-12,AK-12突击步枪,AK12前线长枪管,add,左贴片
ak-12,AK-12突击步枪,AK12前线长枪管,add,右贴片
ak-12,AK-12突击步枪,AK折叠枪托,add,枪托
ak-12,AK-12突击步枪,AK聚合物枪托,add,枪托
ak-12,AK-12突击步枪,AK重塔握把,add,握把座
ak-12,AK-12突击步枪,AKS-74U聚合物弹鼓75发,disable,弹匣座
ak-12,AK-12突击步枪,AK12精英脚架长枪管,add,前握把
ak-12,AK-12突击步枪,AK12前线长枪管,add,前握把
ak-12,AK-12突击步枪,AK12精英脚架长枪管,add,枪口
ak-12,AK-12突击步枪,AK12前线长枪管,add,枪口
akm,AKM突击步枪,灵眼3/7弹道计算狙击镜,add,遮光罩
akm,AKM突击步枪,M157火控光学系统,add,遮光罩
akm,AKM突击步枪,LPVO多倍率战斗瞄具,add,遮光罩
akm,AKM突击步枪,3/7可调倍率狙击镜,add,遮光罩
akm,AKM突击步枪,3/7可调倍率狙击镜,add,上副瞄具
akm,AKM突击步枪,侦察1.5/5可调瞄准镜,add,遮光罩
akm,AKM突击步枪,MEO微型瞄具增高架,add,瞄准镜
akm,AKM突击步枪,多用途战术增高架,add,战术设备
akm,AKM突击步枪,多用途战术增高架,add,增高座瞄具
akm,AKM突击步枪,微型瞄具增高架,add,增高座瞄具
akm,AKM突击步枪,AKM性能枪管组合,disable,前握把
akm,AKM突击步枪,AKM海狸长枪管组合,add,上导轨
akm,AKM突击步枪,AKM海狸长枪管组合,add,左导轨
akm,AKM突击步枪,AKM海狸长枪管组合,add,导轨脚架
akm,AKM突击步枪,AKM海狸长枪管组合,add,右贴片
akm,AKM突击步枪,AKM海狸长枪管组合,add,右导轨
akm,AKM突击步枪,AKM海狸长枪管组合,add,左贴片
akm,AKM突击步枪,AKM海狸枪管组合,add,上导轨
akm,AKM突击步枪,AKM海狸枪管组合,add,左导轨
akm,AKM突击步枪,AKM海狸枪管组合,add,右导轨
akm,AKM突击步枪,AKM海狸枪管组合,add,左贴片
akm,AKM突击步枪,AKM海狸枪管组合,add,右贴片
akm,AKM突击步枪,AKM超然长枪管组合,add,上导轨
akm,AKM突击步枪,AKM超然长枪管组合,add,左导轨
akm,AKM突击步枪,AKM超然长枪管组合,add,导轨脚架
akm,AKM突击步枪,AKM超然长枪管组合,add,右导轨
akm,AKM突击步枪,AKM超然长枪管组合,add,左贴片
akm,AKM突击步枪,AKM超然长枪管组合,add,右贴片
akm,AKM突击步枪,AKM实用长枪管组合,add,左导轨
akm,AKM突击步枪,AKM实用长枪管组合,add,右导轨
akm,AKM突击步枪,AKM实用长枪管组合,add,导轨脚架
akm,AKM突击步枪,AKM实用长枪管组合,add,左贴片
akm,AKM突击步枪,AKM实用长枪管组合,add,右贴片
akm,AKM突击步枪,AKM实用标准枪管组合,add,右导轨
akm,AKM突击步枪,锚点导轨后托,disable,枪托垫
akm,AKM突击步枪,QR高性能后托,disable,枪托垫
akm,AKM突击步枪,CT增强型后托,disable,枪托垫
akm,AKM突击步枪,影袭托芯枪托,disable,枪托垫
akm,AKM突击步枪,MRGS镂空枪托,disable,枪托垫
akm,AKM突击步枪,PT3死士枪托,disable,枪托垫
akm,AKM突击步枪,PT1特种枪托,disable,枪托垫
akm,AKM突击步枪,UR特种战术枪托,disable,枪托垫
akm,AKM突击步枪,影袭导轨枪托,disable,枪托垫
akm,AKM突击步枪,骨架狙击枪托,disable,枪托垫
akm,AKM突击步枪,AK19枪托,disable,枪托垫
akm,AKM突击步枪,枢机先进战斗枪托,disable,枪托垫
akm,AKM突击步枪,416稳固枪托,disable,枪托垫
akm,AKM突击步枪,416轻型枪托,disable,枪托垫
akm,AKM突击步枪,精英轻型枪托,disable,枪托垫
akm,AKM突击步枪,侵掠核心枪托,disable,枪托垫
akm,AKM突击步枪,枢机稳固枪托,disable,枪托垫
akm,AKM突击步枪,闪电导轨枪托,disable,枪托垫
akm,AKM突击步枪,AK枪托尾盖,disable,枪托垫
akm,AKM突击步枪,AK骨架枪托,disable,枪托垫
akm,AKM突击步枪,实用轻型枪托,disable,枪托垫
akm,AKM突击步枪,实用战术枪托,disable,枪托垫
akm,AKM突击步枪,实用稳定枪托,disable,枪托垫
akm,AKM突击步枪,核心导轨枪托,disable,枪托垫
akm,AKM突击步枪,AK重塔握把,add,握把座
akm,AKM突击步枪,AKM大弹鼓70发,disable,弹匣座
akm,AKM突击步枪,AKM海狸长枪管组合,add,前握把
akm,AKM突击步枪,AKM海狸枪管组合,add,前握把
akm,AKM突击步枪,AKM超然长枪管组合,add,前握把
akm,AKM突击步枪,AKM实用长枪管组合,add,前握把
akm,AKM突击步枪,AKM实用标准枪管组合,add,前握把
aks-74u,AKS-74U突击步枪,灵眼3/7弹道计算狙击镜,add,遮光罩
aks-74u,AKS-74U突击步枪,M157火控光学系统,add,遮光罩
aks-74u,AKS-74U突击步枪,LPVO多倍率战斗瞄具,add,遮光罩
aks-74u,AKS-74U突击步枪,3/7可调倍率狙击镜,add,遮光罩
aks-74u,AKS-74U突击步枪,3/7可调倍率狙击镜,add,上副瞄具
aks-74u,AKS-74U突击步枪,侦察1.5/5可调瞄准镜,add,遮光罩
aks-74u,AKS-74U突击步枪,MEO微型瞄具增高架,add,瞄准镜
aks-74u,AKS-74U突击步枪,多用途战术增高架,add,战术设备
aks-74u,AKS-74U突击步枪,多用途战术增高架,add,增高座瞄具
aks-74u,AKS-74U突击步枪,微型瞄具增高架,add,增高座瞄具
aks-74u,AKS-74U突击步枪,AKS74U导轨下护木,add,右导轨
aks-74u,AKS-74U突击步枪,AKS74U导轨下护木,add,左导轨
aks-74u,AKS-74U突击步枪,AKS74U导轨上护木,add,上导轨
aks-74u,AKS-74U突击步枪,锚点导轨后托,disable,枪托垫
aks-74u,AKS-74U突击步枪,QR高性能后托,disable,枪托垫
aks-74u,AKS-74U突击步枪,CT增强型后托,disable,枪托垫
aks-74u,AKS-74U突击步枪,影袭托芯枪托,disable,枪托垫
aks-74u,AKS-74U突击步枪,MRGS镂空枪托,disable,枪托垫
aks-74u,AKS-74U突击步枪,PT3死士枪托,disable,枪托垫
aks-74u,AKS-74U突击步枪,PT1特种枪托,disable,枪托垫
aks-74u,AKS-74U突击步枪,UR特种战术枪托,disable,枪托垫
aks-74u,AKS-74U突击步枪,影袭导轨枪托,disable,枪托垫
aks-74u,AKS-74U突击步枪,骨架狙击枪托,disable,枪托垫
aks-74u,AKS-74U突击步枪,AK19枪托,disable,枪托垫
aks-74u,AKS-74U突击步枪,枢机先进战斗枪托,disable,枪托垫
aks-74u,AKS-74U突击步枪,416稳固枪托,disable,枪托垫
aks-74u,AKS-74U突击步枪,416轻型枪托,disable,枪托垫
aks-74u,AKS-74U突击步枪,精英轻型枪托,disable,枪托垫
aks-74u,AKS-74U突击步枪,侵掠核心枪托,disable,枪托垫
aks-74u,AKS-74U突击步枪,枢机稳固枪托,disable,枪托垫
aks-74u,AKS-74U突击步枪,闪电导轨枪托,disable,枪托垫
aks-74u,AKS-74U突击步枪,AK枪托尾盖,disable,枪托垫
aks-74u,AKS-74U突击步枪,AK骨架枪托,disable,枪托垫
aks-74u,AKS-74U突击步枪,实用轻型枪托,disable,枪托垫
aks-74u,AKS-74U突击步枪,实用战术枪托,disable,枪托垫
aks-74u,AKS-74U突击步枪,实用稳定枪托,disable,枪托垫
aks-74u,AKS-74U突击步枪,核心导轨枪托,disable,枪托垫
aks-74u,AKS-74U突击步枪,AK重塔握把,add,握把座
aks-74u,AKS-74U突击步枪,AKS-74U聚合物弹鼓75发,disable,弹匣座
ar57,AR57突击步枪,侦察1.5/5可调瞄准镜,add,遮光罩
ar57,AR57突击步枪,MEO微型瞄具增高架,add,瞄准镜
ar57,AR57突击步枪,微型瞄具增高架,add,增高座瞄具
ar57,AR57突击步枪,AR57激流超长枪管,add,上导轨
ar57,AR57突击步枪,模块化AR后握把,add,后握贴片
ar57,AR57突击步枪,AR重塔握把,add,握把座
ar57,AR57突击步枪,夜莺一体消音组合,disable,枪口
ar57,AR57突击步枪,共振二代一体枪托,disable,后握把
ar57,AR57突击步枪,禁区一体枪托,disable,后握把
ar57,AR57突击步枪,共振二代一体枪托,disable,枪托
ar57,AR57突击步枪,禁区一体枪托,disable,枪托
ash-12,ASh-12战斗步枪,灵眼3/7弹道计算狙击镜,add,遮光罩
ash-12,ASh-12战斗步枪,M157火控光学系统,add,遮光罩
ash-12,ASh-12战斗步枪,LPVO多倍率战斗瞄具,add,遮光罩
ash-12,ASh-12战斗步枪,3/7可调倍率狙击镜,add,遮光罩
ash-12,ASh-12战斗步枪,3/7可调倍率狙击镜,add,上副瞄具
ash-12,ASh-12战斗步枪,侦察1.5/5可调瞄准镜,add,遮光罩
ash-12,ASh-12战斗步枪,MEO微型瞄具增高架,add,瞄准镜
ash-12,ASh-12战斗步枪,多用途战术增高架,add,战术设备
ash-12,ASh-12战斗步枪,多用途战术增高架,add,增高座瞄具
ash-12,ASh-12战斗步枪,微型瞄具增高架,add,增高座瞄具
ash-12,ASh-12战斗步枪,HVK双发套件,disable,枪口
ash-12,ASh-12战斗步枪,HVK双发套件,disable,枪托
asval,ASVal突击步枪,灵眼3/7弹道计算狙击镜,add,遮光罩
asval,ASVal突击步枪,M157火控光学系统,add,遮光罩
asval,ASVal突击步枪,LPVO多倍率战斗瞄具,add,遮光罩
asval,ASVal突击步枪,3/7可调倍率狙击镜,add,遮光罩
asval,ASVal突击步枪,3/7可调倍率狙击镜,add,上副瞄具
asval,ASVal突击步枪,侦察1.5/5可调瞄准镜,add,遮光罩
asval,ASVal突击步枪,MEO微型瞄具增高架,add,瞄准镜
asval,ASVal突击步枪,多用途战术增高架,add,战术设备
asval,ASVal突击步枪,多用途战术增高架,add,增高座瞄具
asval,ASVal突击步枪,微型瞄具增高架,add,增高座瞄具
asval,ASVal突击步枪,ASVal刺客高级枪管,add,上导轨
asval,ASVal突击步枪,ASVal刺客高级枪管,add,导轨脚架
asval,ASVal突击步枪,VSS海啸长枪管组合,add,上导轨
asval,ASVal突击步枪,VSS海啸长枪管组合,add,导轨脚架
asval,ASVal突击步枪,AK重塔握把,add,握把座
asval,ASVal突击步枪,VSS精英一体枪托,disable,后握把
aug,AUG突击步枪,灵眼3/7弹道计算狙击镜,add,遮光罩
aug,AUG突击步枪,M157火控光学系统,add,遮光罩
aug,AUG突击步枪,LPVO多倍率战斗瞄具,add,遮光罩
aug,AUG突击步枪,3/7可调倍率狙击镜,add,遮光罩
aug,AUG突击步枪,3/7可调倍率狙击镜,add,上副瞄具
aug,AUG突击步枪,侦察1.5/5可调瞄准镜,add,遮光罩
aug,AUG突击步枪,MEO微型瞄具增高架,add,瞄准镜
aug,AUG突击步枪,多用途战术增高架,add,战术设备
aug,AUG突击步枪,多用途战术增高架,add,增高座瞄具
aug,AUG突击步枪,微型瞄具增高架,add,增高座瞄具
aug,AUG突击步枪,AUG晨零一体消音管,disable,枪口
aug,AUG突击步枪,AUG晨零一体消音管,add,左导轨
aug,AUG突击步枪,AUG精英脚架长枪管,add,上导轨
aug,AUG突击步枪,AUG精英脚架长枪管,add,左导轨
aug,AUG突击步枪,AUG精英脚架长枪管,add,右贴片
aug,AUG突击步枪,AUG尖兵标准枪管,add,右贴片
aug,AUG突击步枪,AUG尖兵标准枪管,add,上导轨
aug,AUG突击步枪,AUG尖兵标准枪管,add,左导轨
aug,AUG突击步枪,AUG实用集成三倍镜枪管,disable,侧瞄具
aug,AUG突击步枪,AUG60发弹鼓,disable,弹匣座
awm,AWM狙击步枪,AWM穹顶套件,add,左导轨
awm,AWM狙击步枪,AWM穹顶套件,add,右导轨
awm,AWM狙击步枪,AWM穹顶套件,add,导轨脚架
awm,AWM狙击步枪,AWM穹顶套件,add,左贴片
awm,AWM狙击步枪,AWM穹顶套件,add,右贴片
awm,AWM狙击步枪,灵眼6/12弹道计算狙击镜,add,遮光罩
awm,AWM狙击步枪,灵眼3/7弹道计算狙击镜,add,遮光罩
awm,AWM狙击步枪,M157火控光学系统,add,遮光罩
awm,AWM狙击步枪,6/12神射手变倍狙击镜,add,遮光罩
awm,AWM狙击步枪,6/12神射手变倍狙击镜,add,上副瞄具
awm,AWM狙击步枪,LPVO多倍率战斗瞄具,add,遮光罩
awm,AWM狙击步枪,3/7可调倍率狙击镜,add,遮光罩
awm,AWM狙击步枪,3/7可调倍率狙击镜,add,上副瞄具
awm,AWM狙击步枪,光学狙击8倍瞄准镜,add,遮光罩
awm,AWM狙击步枪,侦察1.5/5可调瞄准镜,add,遮光罩
awm,AWM狙击步枪,MEO微型瞄具增高架,add,瞄准镜
awm,AWM狙击步枪,多用途战术增高架,add,战术设备
awm,AWM狙击步枪,多用途战术增高架,add,增高座瞄具
awm,AWM狙击步枪,微型瞄具增高架,add,增高座瞄具
awm,AWM狙击步枪,M3狙击镜,add,遮光罩
car-15,CAR-15突击步枪,灵眼3/7弹道计算狙击镜,add,遮光罩
car-15,CAR-15突击步枪,M157火控光学系统,add,遮光罩
car-15,CAR-15突击步枪,LPVO多倍率战斗瞄具,add,遮光罩
car-15,CAR-15突击步枪,3/7可调倍率狙击镜,add,遮光罩
car-15,CAR-15突击步枪,3/7可调倍率狙击镜,add,上副瞄具
car-15,CAR-15突击步枪,侦察1.5/5可调瞄准镜,add,遮光罩
car-15,CAR-15突击步枪,MEO微型瞄具增高架,add,瞄准镜
car-15,CAR-15突击步枪,多用途战术增高架,add,战术设备
car-15,CAR-15突击步枪,多用途战术增高架,add,增高座瞄具
car-15,CAR-15突击步枪,微型瞄具增高架,add,增高座瞄具
car-15,CAR-15突击步枪,AR特勤一体消音组合,disable,枪口
car-15,CAR-15突击步枪,AR特勤一体消音组合,disable,下导轨
car-15,CAR-15突击步枪,AR特勤一体消音组合,add,前握把
car-15,CAR-15突击步枪,AR特勤一体消音组合,add,上导轨
car-15,CAR-15突击步枪,AR特勤一体消音组合,add,导轨脚架
car-15,CAR-15突击步枪,AR特勤一体消音组合,add,上贴片
car-15,CAR-15突击步枪,AR特勤一体消音组合,add,左贴片
car-15,CAR-15突击步枪,AR特勤一体消音组合,add,左导轨
car-15,CAR-15突击步枪,AR特攻短枪管组合,disable,下导轨
car-15,CAR-15突击步枪,AR特攻短枪管组合,add,上导轨
car-15,CAR-15突击步枪,AR特攻短枪管组合,add,左导轨
car-15,CAR-15突击步枪,AR特攻短枪管组合,add,前握把
car-15,CAR-15突击步枪,AR战壕标准枪管组合,disable,下导轨
car-15,CAR-15突击步枪,AR战壕标准枪管组合,add,前握把
car-15,CAR-15突击步枪,AR战壕标准枪管组合,add,导轨脚架
car-15,CAR-15突击步枪,AR战壕标准枪管组合,add,上导轨
car-15,CAR-15突击步枪,AR战壕标准枪管组合,add,左导轨
car-15,CAR-15突击步枪,AR战壕标准枪管组合,add,上贴片
car-15,CAR-15突击步枪,AR战壕标准枪管组合,add,左贴片
car-15,CAR-15突击步枪,AR战壕标准枪管组合,add,右贴片
car-15,CAR-15突击步枪,AR加百列长枪管组合,disable,下导轨
car-15,CAR-15突击步枪,AR加百列长枪管组合,add,前握把
car-15,CAR-15突击步枪,AR加百列长枪管组合,add,上导轨
car-15,CAR-15突击步枪,AR加百列长枪管组合,add,导轨脚架
car-15,CAR-15突击步枪,AR加百列长枪管组合,add,左贴片
car-15,CAR-15突击步枪,AR加百列长枪管组合,add,左导轨
car-15,CAR-15突击步枪,AR加百列长枪管组合,add,上贴片
car-15,CAR-15突击步枪,AR加百列长枪管组合,add,右贴片
car-15,CAR-15突击步枪,AR标准枪管组合,disable,下导轨
car-15,CAR-15突击步枪,AR标准枪管组合,add,上导轨
car-15,CAR-15突击步枪,AR标准枪管组合,add,导轨脚架
car-15,CAR-15突击步枪,AR标准枪管组合,add,前握把
car-15,CAR-15突击步枪,AR标准枪管组合,add,左贴片
car-15,CAR-15突击步枪,AR标准枪管组合,add,左导轨
car-15,CAR-15突击步枪,AR标准枪管组合,add,上贴片
car-15,CAR-15突击步枪,AR标准枪管组合,add,右贴片
car-15,CAR-15突击步枪,AR碳纤维枪管组合,disable,下导轨
car-15,CAR-15突击步枪,AR碳纤维枪管组合,add,前握把
car-15,CAR-15突击步枪,AR碳纤维枪管组合,add,上导轨
car-15,CAR-15突击步枪,AR碳纤维枪管组合,add,导轨脚架
car-15,CAR-15突击步枪,AR碳纤维枪管组合,add,左贴片
car-15,CAR-15突击步枪,AR碳纤维枪管组合,add,左导轨
car-15,CAR-15突击步枪,AR碳纤维枪管组合,add,上贴片
car-15,CAR-15突击步枪,AR碳纤维枪管组合,add,右贴片
car-15,CAR-15突击步枪,模块化AR后握把,add,后握贴片
car-15,CAR-15突击步枪,AR重塔握把,add,握把座
car-15,CAR-15突击步枪,M4弹鼓60发,disable,弹匣座
car-15,CAR-15突击步枪,共振二代一体枪托,disable,后握把
car-15,CAR-15突击步枪,禁区一体枪托,disable,后握把
car-15,CAR-15突击步枪,共振二代一体枪托,disable,枪托
car-15,CAR-15突击步枪,禁区一体枪托,disable,枪托
fs-12,FS-12霰弹枪,侦察1.5/5可调瞄准镜,add,遮光罩
fs-12,FS-12霰弹枪,MEO微型瞄具增高架,add,瞄准镜
fs-12,FS-12霰弹枪,多用途战术增高架,add,战术设备
fs-12,FS-12霰弹枪,多用途战术增高架,add,增高座瞄具
fs-12,FS-12霰弹枪,微型瞄具增高架,add,增高座瞄具
fs-12,FS-12霰弹枪,AR重塔握把,add,握把座
g3,G3战斗步枪,灵眼3/7弹道计算狙击镜,add,遮光罩
g3,G3战斗步枪,M157火控光学系统,add,遮光罩
g3,G3战斗步枪,LPVO多倍率战斗瞄具,add,遮光罩
g3,G3战斗步枪,3/7可调倍率狙击镜,add,遮光罩
g3,G3战斗步枪,3/7可调倍率狙击镜,add,上副瞄具
g3,G3战斗步枪,侦察1.5/5可调瞄准镜,add,遮光罩
g3,G3战斗步枪,MEO微型瞄具增高架,add,瞄准镜
g3,G3战斗步枪,多用途战术增高架,add,战术设备
g3,G3战斗步枪,多用途战术增高架,add,增高座瞄具
g3,G3战斗步枪,微型瞄具增高架,add,增高座瞄具
g3,G3战斗步枪,G3平台神射枪管组合,add,上导轨
g3,G3战斗步枪,G3平台神射枪管组合,add,左贴片
g3,G3战斗步枪,G3平台神射枪管组合,add,左导轨
g3,G3战斗步枪,G3平台神射枪管组合,add,右贴片
g3,G3战斗步枪,G3加强长枪管组合,add,左导轨
g3,G3战斗步枪,G3加强长枪管组合,add,左贴片
g3,G3战斗步枪,G3加强长枪管组合,add,右贴片
g3,G3战斗步枪,G3飓风短枪管组合,disable,导轨脚架
g3,G3战斗步枪,G3飓风短枪管组合,add,左贴片
g3,G3战斗步枪,G3飓风短枪管组合,add,右贴片
g3,G3战斗步枪,G3飓风短枪管组合,add,左导轨
g3,G3战斗步枪,G3守卫标准枪管组合,add,右贴片
g3,G3战斗步枪,G3守卫标准枪管组合,add,左导轨
g3,G3战斗步枪,G3守卫标准枪管组合,add,左贴片
g3,G3战斗步枪,G350发弹鼓,disable,弹匣座
g3,G3战斗步枪,G3平台神射枪管组合,add,枪口
g3,G3战斗步枪,G3加强长枪管组合,add,枪口
g3,G3战斗步枪,G3飓风短枪管组合,add,枪口
g3,G3战斗步枪,G3守卫标准枪管组合,add,枪口
k416,K416突击步枪,灵眼3/7弹道计算狙击镜,add,遮光罩
k416,K416突击步枪,M157火控光学系统,add,遮光罩
k416,K416突击步枪,LPVO多倍率战斗瞄具,add,遮光罩
k416,K416突击步枪,3/7可调倍率狙击镜,add,遮光罩
k416,K416突击步枪,3/7可调倍率狙击镜,add,上副瞄具
k416,K416突击步枪,侦察1.5/5可调瞄准镜,add,遮光罩
k416,K416突击步枪,MEO微型瞄具增高架,add,瞄准镜
k416,K416突击步枪,多用途战术增高架,add,战术设备
k416,K416突击步枪,多用途战术增高架,add,增高座瞄具
k416,K416突击步枪,微型瞄具增高架,add,增高座瞄具
k416,K416突击步枪,K416A8长枪管组合,add,导轨脚架
k416,K416突击步枪,K416特勤短枪管组合,disable,上贴片
k416,K416突击步枪,模块化AR后握把,add,后握贴片
k416,K416突击步枪,AR重塔握把,add,握把座
k416,K416突击步枪,M4弹鼓60发,disable,弹匣座
k416,K416突击步枪,共振二代一体枪托,disable,枪托
k416,K416突击步枪,共振二代一体枪托,disable,后握把
k437,K437突击步枪,灵眼3/7弹道计算狙击镜,add,遮光罩
k437,K437突击步枪,M157火控光学系统,add,遮光罩
k437,K437突击步枪,LPVO多倍率战斗瞄具,add,遮光罩
k437,K437突击步枪,3/7可调倍率狙击镜,add,遮光罩
k437,K437突击步枪,3/7可调倍率狙击镜,add,上副瞄具
k437,K437突击步枪,侦察1.5/5可调瞄准镜,add,遮光罩
k437,K437突击步枪,MEO微型瞄具增高架,add,瞄准镜
k437,K437突击步枪,多用途战术增高架,add,战术设备
k437,K437突击步枪,多用途战术增高架,add,增高座瞄具
k437,K437突击步枪,微型瞄具增高架,add,增高座瞄具
k437,K437突击步枪,K437特攻一体消音枪管,add,右贴片
k437,K437突击步枪,K437特攻一体消音枪管,add,左贴片
k437,K437突击步枪,K437长矛手长枪管组合,add,左贴片
k437,K437突击步枪,K437长矛手长枪管组合,add,右贴片
k437,K437突击步枪,模块化AR后握把,add,后握贴片
k437,K437突击步枪,AR重塔握把,add,握把座
k437,K437突击步枪,K43760发弹鼓,disable,弹匣座
k437,K437突击步枪,K437特攻一体消音枪管,disable,枪口
kc17,KC17突击步枪,灵眼3/7弹道计算狙击镜,add,遮光罩
kc17,KC17突击步枪,M157火控光学系统,add,遮光罩
kc17,KC17突击步枪,LPVO多倍率战斗瞄具,add,遮光罩
kc17,KC17突击步枪,3/7可调倍率狙击镜,add,遮光罩
kc17,KC17突击步枪,3/7可调倍率狙击镜,add,上副瞄具
kc17,KC17突击步枪,侦察1.5/5可调瞄准镜,add,遮光罩
kc17,KC17突击步枪,MEO微型瞄具增高架,add,瞄准镜
kc17,KC17突击步枪,多用途战术增高架,add,战术设备
kc17,KC17突击步枪,多用途战术增高架,add,增高座瞄具
kc17,KC17突击步枪,微型瞄具增高架,add,增高座瞄具
kc17,KC17突击步枪,模块化AR后握把,add,后握贴片
kc17,KC17突击步枪,AR重塔握把,add,握把座
kc17,KC17突击步枪,AKS-74U聚合物弹鼓75,disable,弹匣座
kc17,KC17突击步枪,KC17影舞者消音,disable,枪口
m1014,M1014霰弹枪,灵眼3/7弹道计算狙击镜,add,遮光罩
m1014,M1014霰弹枪,M157火控光学系统,add,遮光罩
m1014,M1014霰弹枪,LPVO多倍率战斗瞄具,add,遮光罩
m1014,M1014霰弹枪,3/7可调倍率狙击镜,add,遮光罩
m1014,M1014霰弹枪,3/7可调倍率狙击镜,add,上副瞄具
m1014,M1014霰弹枪,侦察1.5/5可调瞄准镜,add,遮光罩
m1014,M1014霰弹枪,MEO微型瞄具增高架,add,瞄准镜
m1014,M1014霰弹枪,多用途战术增高架,add,战术设备
m1014,M1014霰弹枪,多用途战术增高架,add,增高座瞄具
m1014,M1014霰弹枪,微型瞄具增高架,add,增高座瞄具
m1014,M1014霰弹枪,M1014导轨护木,add,右导轨
m1014,M1014霰弹枪,M1014导轨护木,add,左导轨
m1014,M1014霰弹枪,1014固定枪托,add,托腮板
m14,M14射手步枪,M14先进枪身系统,disable,托腮板
m14,M14射手步枪,M14先进枪身系统,disable,护木
m14,M14射手步枪,M14先进枪身系统,add,前握把
m14,M14射手步枪,M14先进枪身系统,add,枪托
m14,M14射手步枪,M14先进枪身系统,add,导轨脚架
m14,M14射手步枪,M14先进枪身系统,add,上导轨
m14,M14射手步枪,M14先进枪身系统,add,左导轨
m14,M14射手步枪,M14先进枪身系统,add,右导轨
m14,M14射手步枪,M14先进枪身系统,add,上贴片
m14,M14射手步枪,灵眼6/12弹道计算狙击镜,add,遮光罩
m14,M14射手步枪,灵眼3/7弹道计算狙击镜,add,遮光罩
m14,M14射手步枪,M157火控光学系统,add,遮光罩
m14,M14射手步枪,6/12神射手变倍狙击镜,add,遮光罩
m14,M14射手步枪,6/12神射手变倍狙击镜,add,上副瞄具
m14,M14射手步枪,LPVO多倍率战斗瞄具,add,遮光罩
m14,M14射手步枪,3/7可调倍率狙击镜,add,遮光罩
m14,M14射手步枪,3/7可调倍率狙击镜,add,上副瞄具
m14,M14射手步枪,光学狙击8倍瞄准镜,add,遮光罩
m14,M14射手步枪,侦察1.5/5可调瞄准镜,add,遮光罩
m14,M14射手步枪,MEO微型瞄具增高架,add,瞄准镜
m14,M14射手步枪,多用途战术增高架,add,战术设备
m14,M14射手步枪,多用途战术增高架,add,增高座瞄具
m14,M14射手步枪,微型瞄具增高架,add,增高座瞄具
m14,M14射手步枪,M3狙击镜,add,遮光罩
m14,M14射手步枪,M1450发弹鼓,disable,弹匣座
m14,M14射手步枪,M14导轨一体枪托,add,前握把
m14,M14射手步枪,M14导轨一体枪托,add,上导轨
m14,M14射手步枪,M14导轨一体枪托,add,导轨脚架
m14,M14射手步枪,M14导轨一体枪托,add,上贴片
m14,M14射手步枪,M14导轨一体枪托,add,左导轨
m14,M14射手步枪,M14导轨一体枪托,add,右导轨
m14,M14射手步枪,M14导轨一体枪托,add,右贴片
m14,M14射手步枪,M14导轨一体枪托,add,左贴片
m14,M14射手步枪,M14导轨一体枪托,disable,护木套件
m14,M14射手步枪,M14洞察超长枪管,add,枪口
m14,M14射手步枪,M14轻语短枪管,add,枪口
m14,M14射手步枪,M14漫游标准枪管,add,枪口
m16a4,M16A4突击步枪,灵眼3/7弹道计算狙击镜,add,遮光罩
m16a4,M16A4突击步枪,M157火控光学系统,add,遮光罩
m16a4,M16A4突击步枪,LPVO多倍率战斗瞄具,add,遮光罩
m16a4,M16A4突击步枪,3/7可调倍率狙击镜,add,遮光罩
m16a4,M16A4突击步枪,3/7可调倍率狙击镜,add,上副瞄具
m16a4,M16A4突击步枪,侦察1.5/5可调瞄准镜,add,遮光罩
m16a4,M16A4突击步枪,MEO微型瞄具增高架,add,瞄准镜
m16a4,M16A4突击步枪,多用途战术增高架,add,战术设备
m16a4,M16A4突击步枪,多用途战术增高架,add,增高座瞄具
m16a4,M16A4突击步枪,微型瞄具增高架,add,增高座瞄具
m16a4,M16A4突击步枪,AR特勤一体消音组合,disable,枪口
m16a4,M16A4突击步枪,AR特勤一体消音组合,disable,下导轨
m16a4,M16A4突击步枪,AR特勤一体消音组合,add,前握把
m16a4,M16A4突击步枪,AR特勤一体消音组合,add,上导轨
m16a4,M16A4突击步枪,AR特勤一体消音组合,add,导轨脚架
m16a4,M16A4突击步枪,AR特勤一体消音组合,add,右导轨
m16a4,M16A4突击步枪,AR特勤一体消音组合,add,上贴片
m16a4,M16A4突击步枪,AR特勤一体消音组合,add,左导轨
m16a4,M16A4突击步枪,AR特攻短枪管组合,disable,下导轨
m16a4,M16A4突击步枪,AR特攻短枪管组合,add,上导轨
m16a4,M16A4突击步枪,AR特攻短枪管组合,add,左导轨
m16a4,M16A4突击步枪,AR特攻短枪管组合,add,前握把
m16a4,M16A4突击步枪,AR特攻短枪管组合,add,右导轨
m16a4,M16A4突击步枪,AR战壕标准枪管组合,disable,下导轨
m16a4,M16A4突击步枪,AR战壕标准枪管组合,add,导轨脚架
m16a4,M16A4突击步枪,AR战壕标准枪管组合,add,前握把
m16a4,M16A4突击步枪,AR战壕标准枪管组合,add,上导轨
m16a4,M16A4突击步枪,AR战壕标准枪管组合,add,左导轨
m16a4,M16A4突击步枪,AR战壕标准枪管组合,add,右导轨
m16a4,M16A4突击步枪,AR战壕标准枪管组合,add,上贴片
m16a4,M16A4突击步枪,AR战壕标准枪管组合,add,左贴片
m16a4,M16A4突击步枪,AR战壕标准枪管组合,add,右贴片
m16a4,M16A4突击步枪,AR加百列长枪管组合,disable,下导轨
m16a4,M16A4突击步枪,AR加百列长枪管组合,add,前握把
m16a4,M16A4突击步枪,AR加百列长枪管组合,add,上导轨
m16a4,M16A4突击步枪,AR加百列长枪管组合,add,导轨脚架
m16a4,M16A4突击步枪,AR加百列长枪管组合,add,左导轨
m16a4,M16A4突击步枪,AR加百列长枪管组合,add,右导轨
m16a4,M16A4突击步枪,AR加百列长枪管组合,add,上贴片
m16a4,M16A4突击步枪,AR加百列长枪管组合,add,右贴片
m16a4,M16A4突击步枪,AR加百列长枪管组合,add,左贴片
m16a4,M16A4突击步枪,AR标准枪管组合,disable,下导轨
m16a4,M16A4突击步枪,AR标准枪管组合,add,上导轨
m16a4,M16A4突击步枪,AR标准枪管组合,add,导轨脚架
m16a4,M16A4突击步枪,AR标准枪管组合,add,前握把
m16a4,M16A4突击步枪,AR标准枪管组合,add,右导轨
m16a4,M16A4突击步枪,AR标准枪管组合,add,上贴片
m16a4,M16A4突击步枪,AR标准枪管组合,add,左导轨
m16a4,M16A4突击步枪,AR标准枪管组合,add,左贴片
m16a4,M16A4突击步枪,AR标准枪管组合,add,右贴片
m16a4,M16A4突击步枪,AR碳纤维枪管组合,disable,下导轨
m16a4,M16A4突击步枪,AR碳纤维枪管组合,add,前握把
m16a4,M16A4突击步枪,AR碳纤维枪管组合,add,上导轨
m16a4,M16A4突击步枪,AR碳纤维枪管组合,add,导轨脚架
m16a4,M16A4突击步枪,AR碳纤维枪管组合,add,左导轨
m16a4,M16A4突击步枪,AR碳纤维枪管组合,add,右导轨
m16a4,M16A4突击步枪,AR碳纤维枪管组合,add,上贴片
m16a4,M16A4突击步枪,AR碳纤维枪管组合,add,右贴片
m16a4,M16A4突击步枪,AR碳纤维枪管组合,add,左贴片
m16a4,M16A4突击步枪,模块化AR后握把,add,后握贴片
m16a4,M16A4突击步枪,AR重塔握把,add,握把座
m16a4,M16A4突击步枪,M4弹鼓60发,disable,弹匣座
m16a4,M16A4突击步枪,共振二代一体枪托,disable,后握把
m16a4,M16A4突击步枪,禁区一体枪托,disable,后握把
m16a4,M16A4突击步枪,共振二代一体枪托,disable,枪托
m16a4,M16A4突击步枪,禁区一体枪托,disable,枪托
m249,M249轻机枪,灵眼3/7弹道计算狙击镜,add,遮光罩
m249,M249轻机枪,M157火控光学系统,add,遮光罩
m249,M249轻机枪,LPVO多倍率战斗瞄具,add,遮光罩
m249,M249轻机枪,3/7可调倍率狙击镜,add,遮光罩
m249,M249轻机枪,3/7可调倍率狙击镜,add,上副瞄具
m249,M249轻机枪,侦察1.5/5可调瞄准镜,add,遮光罩
m249,M249轻机枪,MEO微型瞄具增高架,add,瞄准镜
m249,M249轻机枪,多用途战术增高架,add,战术设备
m249,M249轻机枪,多用途战术增高架,add,增高座瞄具
m249,M249轻机枪,微型瞄具增高架,add,增高座瞄具
m249,M249轻机枪,HVK链锯套件,disable,导轨脚架
m249,M249轻机枪,HVK链锯套件,disable,前握把
m249,M249轻机枪,HVK链锯套件,add,上导轨
m249,M249轻机枪,M249脚架护木,disable,前握把
m249,M249轻机枪,M249脚架护木,disable,左导轨
m249,M249轻机枪,M249脚架护木,disable,导轨脚架
m249,M249轻机枪,M249军规导轨护木,disable,导轨脚架
m249,M249轻机枪,M249军规导轨护木,add,上贴片
m249,M249轻机枪,M249军规导轨护木,add,上导轨
m249,M249轻机枪,M249军规导轨护木,add,左贴片
m249,M249轻机枪,M249军规导轨护木,add,右贴片
m249,M249轻机枪,HVK链锯套件,disable,枪托
m249,M249轻机枪,HVK链锯套件,disable,后握把
m249,M249轻机枪,HVK链锯套件,disable,护木
m250,M250通用机枪,灵眼3/7弹道计算狙击镜,add,遮光罩
m250,M250通用机枪,M157火控光学系统,add,遮光罩
m250,M250通用机枪,LPVO多倍率战斗瞄具,add,遮光罩
m250,M250通用机枪,3/7可调倍率狙击镜,add,遮光罩
m250,M250通用机枪,3/7可调倍率狙击镜,add,上副瞄具
m250,M250通用机枪,侦察1.5/5可调瞄准镜,add,遮光罩
m250,M250通用机枪,MEO微型瞄具增高架,add,瞄准镜
m250,M250通用机枪,多用途战术增高架,add,战术设备
m250,M250通用机枪,多用途战术增高架,add,增高座瞄具
m250,M250通用机枪,微型瞄具增高架,add,增高座瞄具
m250,M250通用机枪,模块化AR后握把,add,后握贴片
m250,M250通用机枪,AR重塔握把,add,握把座
m4a1,M4A1突击步枪,灵眼3/7弹道计算狙击镜,add,遮光罩
m4a1,M4A1突击步枪,M157火控光学系统,add,遮光罩
m4a1,M4A1突击步枪,LPVO多倍率战斗瞄具,add,遮光罩
m4a1,M4A1突击步枪,3/7可调倍率狙击镜,add,遮光罩
m4a1,M4A1突击步枪,3/7可调倍率狙击镜,add,上副瞄具
m4a1,M4A1突击步枪,侦察1.5/5可调瞄准镜,add,遮光罩
m4a1,M4A1突击步枪,MEO微型瞄具增高架,add,瞄准镜
m4a1,M4A1突击步枪,多用途战术增高架,add,战术设备
m4a1,M4A1突击步枪,多用途战术增高架,add,增高座瞄具
m4a1,M4A1突击步枪,微型瞄具增高架,add,增高座瞄具
m4a1,M4A1突击步枪,AR特勤一体消音组合,disable,枪口
m4a1,M4A1突击步枪,AR特攻短枪管组合,disable,左贴片
m4a1,M4A1突击步枪,AR特攻短枪管组合,disable,上贴片
m4a1,M4A1突击步枪,AR特攻短枪管组合,disable,导轨脚架
m4a1,M4A1突击步枪,AR特攻短枪管组合,disable,右贴片
m4a1,M4A1突击步枪,M16A4稳定枪托,add,托腮板
m4a1,M4A1突击步枪,模块化AR后握把,add,后握贴片
m4a1,M4A1突击步枪,AR重塔握把,add,握把座
m4a1,M4A1突击步枪,M4弹鼓60发,disable,弹匣座
m4a1,M4A1突击步枪,共振二代一体枪托,disable,后握把
m4a1,M4A1突击步枪,禁区一体枪托,disable,后握把
m4a1,M4A1突击步枪,共振二代一体枪托,disable,枪托
m4a1,M4A1突击步枪,禁区一体枪托,disable,枪托
m700,M700狙击步枪,灵眼6/12弹道计算狙击镜,add,遮光罩
m700,M700狙击步枪,灵眼3/7弹道计算狙击镜,add,遮光罩
m700,M700狙击步枪,M157火控光学系统,add,遮光罩
m700,M700狙击步枪,6/12神射手变倍狙击镜,add,遮光罩
m700,M700狙击步枪,6/12神射手变倍狙击镜,add,上副瞄具
m700,M700狙击步枪,LPVO多倍率战斗瞄具,add,遮光罩
m700,M700狙击步枪,3/7可调倍率狙击镜,add,遮光罩
m700,M700狙击步枪,3/7可调倍率狙击镜,add,上副瞄具
m700,M700狙击步枪,光学狙击8倍瞄准镜,add,遮光罩
m700,M700狙击步枪,侦察1.5/5可调瞄准镜,add,遮光罩
m700,M700狙击步枪,MEO微型瞄具增高架,add,瞄准镜
m700,M700狙击步枪,多用途战术增高架,add,战术设备
m700,M700狙击步枪,多用途战术增高架,add,增高座瞄具
m700,M700狙击步枪,微型瞄具增高架,add,增高座瞄具
m700,M700狙击步枪,M3狙击镜,add,遮光罩
m700,M700狙击步枪,M700一体消音管,disable,枪口
m700,M700狙击步枪,M700军规护木,add,右导轨
m700,M700狙击步枪,M700军规护木,add,左导轨
m700,M700狙击步枪,M700军规护木,add,导轨脚架
m700,M700狙击步枪,M700军规护木,add,托腮板
m700,M700狙击步枪,M700先进枪身系统,add,前握把
m700,M700狙击步枪,M700先进枪身系统,add,后握把
m700,M700狙击步枪,M700先进枪身系统,add,导轨脚架
m700,M700狙击步枪,M700先进枪身系统,add,右导轨
m700,M700狙击步枪,M700先进枪身系统,add,上导轨
m700,M700狙击步枪,M700先进枪身系统,add,左导轨
m700,M700狙击步枪,M700先进枪身系统,add,左贴片
m700,M700狙击步枪,M700先进枪身系统,add,上贴片
m700,M700狙击步枪,M700先进枪身系统,add,右贴片
m700,M700狙击步枪,M700稳定一体枪托,add,右导轨
m700,M700狙击步枪,M700稳定一体枪托,add,左导轨
m700,M700狙击步枪,M700稳定一体枪托,add,导轨脚架
m700,M700狙击步枪,M700黑色一体枪托,add,左导轨
m700,M700狙击步枪,M700黑色一体枪托,add,右导轨
m700,M700狙击步枪,M700黑色一体枪托,add,导轨脚架
m700,M700狙击步枪,M700黑色一体枪托,add,托腮板
m700,M700狙击步枪,模块化AR后握把,add,后握贴片
m700,M700狙击步枪,AR重塔握把,add,握把座
m7,M７战斗步枪,灵眼3/7弹道计算狙击镜,add,遮光罩
m7,M７战斗步枪,M157火控光学系统,add,遮光罩
m7,M７战斗步枪,LPVO多倍率战斗瞄具,add,遮光罩
m7,M７战斗步枪,3/7可调倍率狙击镜,add,遮光罩
m7,M７战斗步枪,3/7可调倍率狙击镜,add,上副瞄具
m7,M７战斗步枪,侦察1.5/5可调瞄准镜,add,遮光罩
m7,M７战斗步枪,MEO微型瞄具增高架,add,瞄准镜
m7,M７战斗步枪,多用途战术增高架,add,战术设备
m7,M７战斗步枪,多用途战术增高架,add,增高座瞄具
m7,M７战斗步枪,微型瞄具增高架,add,增高座瞄具
m7,M７战斗步枪,M7灵蜥短枪管,disable,导轨脚架
m7,M７战斗步枪,M7堤风超长枪管组合,add,上贴片
m7,M７战斗步枪,模块化AR后握把,add,后握贴片
m7,M７战斗步枪,AR重塔握把,add,握把座
m7,M７战斗步枪,M7灵蜥短枪管,add,枪口
m7,M７战斗步枪,M7堤风超长枪管组合,add,枪口
m7,M７战斗步枪,M7实用长枪管组合,add,枪口
m82,M82狙击步枪,灵眼6/12弹道计算狙击镜,add,遮光罩
m82,M82狙击步枪,灵眼3/7弹道计算狙击镜,add,遮光罩
m82,M82狙击步枪,M157火控光学系统,add,遮光罩
m82,M82狙击步枪,6/12神射手变倍狙击镜,add,遮光罩
m82,M82狙击步枪,6/12神射手变倍狙击镜,add,上副瞄具
m82,M82狙击步枪,LPVO多倍率战斗瞄具,add,遮光罩
m82,M82狙击步枪,3/7可调倍率狙击镜,add,遮光罩
m82,M82狙击步枪,3/7可调倍率狙击镜,add,上副瞄具
m82,M82狙击步枪,光学狙击8倍瞄准镜,add,遮光罩
m82,M82狙击步枪,侦察1.5/5可调瞄准镜,add,遮光罩
m82,M82狙击步枪,MEO微型瞄具增高架,add,瞄准镜
m82,M82狙击步枪,多用途战术增高架,add,战术设备
m82,M82狙击步枪,多用途战术增高架,add,增高座瞄具
m82,M82狙击步枪,微型瞄具增高架,add,增高座瞄具
m82,M82狙击步枪,短吻鳄枪管组合,disable,上贴片
m82,M82狙击步枪,AR重塔握把,add,握把座
m870,M870霰弹枪,灵眼3/7弹道计算狙击镜,add,遮光罩
m870,M870霰弹枪,M157火控光学系统,add,遮光罩
m870,M870霰弹枪,LPVO多倍率战斗瞄具,add,遮光罩
m870,M870霰弹枪,3/7可调倍率狙击镜,add,遮光罩
m870,M870霰弹枪,3/7可调倍率狙击镜,add,上副瞄具
m870,M870霰弹枪,侦察1.5/5可调瞄准镜,add,遮光罩
m870,M870霰弹枪,MEO微型瞄具增高架,add,瞄准镜
m870,M870霰弹枪,多用途战术增高架,add,战术设备
m870,M870霰弹枪,多用途战术增高架,add,增高座瞄具
m870,M870霰弹枪,微型瞄具增高架,add,增高座瞄具
m870,M870霰弹枪,M870导轨护木,add,前握把
m870,M870霰弹枪,M870导轨护木,add,左导轨
m870,M870霰弹枪,M870导轨护木,add,右导轨
mcxlt,MCXLT突击步枪,灵眼3/7弹道计算狙击镜,add,遮光罩
mcxlt,MCXLT突击步枪,M157火控光学系统,add,遮光罩
mcxlt,MCXLT突击步枪,LPVO多倍率战斗瞄具,add,遮光罩
mcxlt,MCXLT突击步枪,3/7可调倍率狙击镜,add,遮光罩
mcxlt,MCXLT突击步枪,3/7可调倍率狙击镜,add,上副瞄具
mcxlt,MCXLT突击步枪,侦察1.5/5可调瞄准镜,add,遮光罩
mcxlt,MCXLT突击步枪,MEO微型瞄具增高架,add,瞄准镜
mcxlt,MCXLT突击步枪,多用途战术增高架,add,战术设备
mcxlt,MCXLT突击步枪,多用途战术增高架,add,增高座瞄具
mcxlt,MCXLT突击步枪,微型瞄具增高架,add,增高座瞄具
mcxlt,MCXLT突击步枪,MCX LT焰魂枪管,add,右贴片
mcxlt,MCXLT突击步枪,MCX LT焰魂枪管,add,左贴片
mcxlt,MCXLT突击步枪,MCX LT焰魂枪管,add,隔热网
mcxlt,MCXLT突击步枪,MCX LT猎手枪管,add,左贴片
mcxlt,MCXLT突击步枪,MCX LT猎手枪管,add,右贴片
mcxlt,MCXLT突击步枪,模块化AR后握把,add,后握贴片
mcxlt,MCXLT突击步枪,AR重塔握把,add,握把座
mcxlt,MCXLT突击步枪,M4弹鼓60发,disable,弹匣座
mcxlt,MCXLT突击步枪,MCX LT焰魂枪管,disable,枪口
mcxlt,MCXLT突击步枪,MCX LT焰魂枪管,add,前握把
mcxlt,MCXLT突击步枪,MCX LT猎手枪管,add,前握把
mini-14,Mini-14射手步枪,Mini-14 20发弹匣,add,弹匣座
mini-14,Mini-14射手步枪,灵眼6/12弹道计算狙击镜,add,遮光罩
mini-14,Mini-14射手步枪,灵眼3/7弹道计算狙击镜,add,遮光罩
mini-14,Mini-14射手步枪,M157火控光学系统,add,遮光罩
mini-14,Mini-14射手步枪,6/12神射手变倍狙击镜,add,遮光罩
mini-14,Mini-14射手步枪,6/12神射手变倍狙击镜,add,上副瞄具
mini-14,Mini-14射手步枪,LPVO多倍率战斗瞄具,add,遮光罩
mini-14,Mini-14射手步枪,3/7可调倍率狙击镜,add,遮光罩
mini-14,Mini-14射手步枪,3/7可调倍率狙击镜,add,上副瞄具
mini-14,Mini-14射手步枪,光学狙击8倍瞄准镜,add,遮光罩
mini-14,Mini-14射手步枪,侦察1.5/5可调瞄准镜,add,遮光罩
mini-14,Mini-14射手步枪,MEO微型瞄具增高架,add,瞄准镜
mini-14,Mini-14射手步枪,多用途战术增高架,add,战术设备
mini-14,Mini-14射手步枪,多用途战术增高架,add,增高座瞄具
mini-14,Mini-14射手步枪,微型瞄具增高架,add,增高座瞄具
mini-14,Mini-14射手步枪,M3狙击镜,add,遮光罩
mini-14,Mini-14射手步枪,Mini-14先进枪身系统,add,枪托
mini-14,Mini-14射手步枪,Mini-14先进枪身系统,add,前握把
mini-14,Mini-14射手步枪,Mini-14先进枪身系统,add,导轨脚架
mini-14,Mini-14射手步枪,Mini-14先进枪身系统,add,左导轨
mini-14,Mini-14射手步枪,Mini-14先进枪身系统,add,右导轨
mini-14,Mini-14射手步枪,Mini-14聚合物一体枪托,add,右导轨
mini-14,Mini-14射手步枪,Mini-14聚合物一体枪托,add,前握把
mini-14,Mini-14射手步枪,Mini-14聚合物一体枪托,add,左导轨
mini-14,Mini-14射手步枪,Mini-14聚合物枪托,add,枪托
mini-14,Mini-14射手步枪,Mini-14聚合物枪托,add,前握把
mini-14,Mini-14射手步枪,Mini-14聚合物枪托,add,左导轨
mini-14,Mini-14射手步枪,Mini-14聚合物枪托,add,右导轨
mk47,MK47突击步枪,灵眼3/7弹道计算狙击镜,add,遮光罩
mk47,MK47突击步枪,M157火控光学系统,add,遮光罩
mk47,MK47突击步枪,LPVO多倍率战斗瞄具,add,遮光罩
mk47,MK47突击步枪,3/7可调倍率狙击镜,add,遮光罩
mk47,MK47突击步枪,3/7可调倍率狙击镜,add,上副瞄具
mk47,MK47突击步枪,侦察1.5/5可调瞄准镜,add,遮光罩
mk47,MK47突击步枪,MEO微型瞄具增高架,add,瞄准镜
mk47,MK47突击步枪,多用途战术增高架,add,战术设备
mk47,MK47突击步枪,多用途战术增高架,add,增高座瞄具
mk47,MK47突击步枪,微型瞄具增高架,add,增高座瞄具
mk47,MK47突击步枪,MK47鏖战枪管,disable,上贴片
mk47,MK47突击步枪,模块化AR后握把,add,后握贴片
mk47,MK47突击步枪,AR重塔握把,add,握把座
mk4,MK4冲锋枪,灵眼3/7弹道计算狙击镜,add,遮光罩
mk4,MK4冲锋枪,M157火控光学系统,add,遮光罩
mk4,MK4冲锋枪,LPVO多倍率战斗瞄具,add,遮光罩
mk4,MK4冲锋枪,3/7可调倍率狙击镜,add,遮光罩
mk4,MK4冲锋枪,3/7可调倍率狙击镜,add,上副瞄具
mk4,MK4冲锋枪,侦察1.5/5可调瞄准镜,add,遮光罩
mk4,MK4冲锋枪,MEO微型瞄具增高架,add,瞄准镜
mk4,MK4冲锋枪,多用途战术增高架,add,战术设备
mk4,MK4冲锋枪,多用途战术增高架,add,增高座瞄具
mk4,MK4冲锋枪,微型瞄具增高架,add,增高座瞄具
mk4,MK4冲锋枪,MK4深空镀铬枪管,add,左贴片
mk4,MK4冲锋枪,MK4深空镀铬枪管,add,右贴片
mk4,MK4冲锋枪,MK4击剑手枪管,add,右贴片
mk4,MK4冲锋枪,MK4击剑手枪管,add,上贴片
mk4,MK4冲锋枪,MK4击剑手枪管,add,左贴片
mk4,MK4冲锋枪,M16A4稳定枪托,add,托腮板
mk4,MK4冲锋枪,模块化AR后握把,add,后握贴片
mk4,MK4冲锋枪,AR重塔握把,add,握把座
mk4,MK4冲锋枪,MK4深空镀铬枪管,add,前握把
mk4,MK4冲锋枪,MK4击剑手枪管,add,前握把
mp5,MP5冲锋枪,灵眼3/7弹道计算狙击镜,add,遮光罩
mp5,MP5冲锋枪,M157火控光学系统,add,遮光罩
mp5,MP5冲锋枪,LPVO多倍率战斗瞄具,add,遮光罩
mp5,MP5冲锋枪,3/7可调倍率狙击镜,add,遮光罩
mp5,MP5冲锋枪,3/7可调倍率狙击镜,add,上副瞄具
mp5,MP5冲锋枪,侦察1.5/5可调瞄准镜,add,遮光罩
mp5,MP5冲锋枪,MEO微型瞄具增高架,add,瞄准镜
mp5,MP5冲锋枪,多用途战术增高架,add,战术设备
mp5,MP5冲锋枪,多用途战术增高架,add,增高座瞄具
mp5,MP5冲锋枪,微型瞄具增高架,add,增高座瞄具
mp5,MP5冲锋枪,MP5SD特勤一体消音枪管,disable,枪口
mp5,MP5冲锋枪,MP5SD特勤一体消音枪管,add,右导轨
mp5,MP5冲锋枪,MP5斥候长枪管组合,add,左导轨
mp5,MP5冲锋枪,MP5斥候长枪管组合,add,右导轨
mp5,MP5冲锋枪,MP5隐蔽短枪管组合,disable,枪口
mp5,MP5冲锋枪,MP5隐蔽短枪管组合,add,上导轨
mp5,MP5冲锋枪,MP5隐蔽短枪管组合,add,左导轨
mp5,MP5冲锋枪,MP5隐蔽短枪管组合,add,右导轨
mp5,MP5冲锋枪,MP5战术枪管组合,add,左导轨
mp5,MP5冲锋枪,MP5战术枪管组合,add,右导轨
mp5,MP5冲锋枪,MP5性能枪管组合,disable,前握把
mp5,MP5冲锋枪,MP5性能枪管组合,add,右导轨
mp5,MP5冲锋枪,MP5性能枪管组合,add,左导轨
mp5,MP5冲锋枪,MP5 50发弹鼓,disable,弹匣座
mp5,MP5冲锋枪,MP5斥候长枪管组合,add,前握把
mp5,MP5冲锋枪,MP5隐蔽短枪管组合,add,前握把
mp5,MP5冲锋枪,MP5战术枪管组合,add,前握把
mp5,MP5冲锋枪,MP5斥候长枪管组合,add,枪口
mp5,MP5冲锋枪,MP5性能枪管组合,add,枪口
mp5,MP5冲锋枪,MP5战术枪管组合,add,枪口
mp7,MP7冲锋枪,灵眼3/7弹道计算狙击镜,add,遮光罩
mp7,MP7冲锋枪,M157火控光学系统,add,遮光罩
mp7,MP7冲锋枪,LPVO多倍率战斗瞄具,add,遮光罩
mp7,MP7冲锋枪,3/7可调倍率狙击镜,add,遮光罩
mp7,MP7冲锋枪,3/7可调倍率狙击镜,add,上副瞄具
mp7,MP7冲锋枪,侦察1.5/5可调瞄准镜,add,遮光罩
mp7,MP7冲锋枪,MEO微型瞄具增高架,add,瞄准镜
mp7,MP7冲锋枪,多用途战术增高架,add,战术设备
mp7,MP7冲锋枪,多用途战术增高架,add,增高座瞄具
mp7,MP7冲锋枪,微型瞄具增高架,add,增高座瞄具
mp7,MP7冲锋枪,HVK格斗套件,add,上导轨
mp7,MP7冲锋枪,HVK格斗套件,add,瞄准镜
mp7,MP7冲锋枪,MP7蜂刺长枪管组合,add,左贴片
mp7,MP7冲锋枪,MP7蜂刺长枪管组合,add,右贴片
mp7,MP7冲锋枪,MP7蜂刺长枪管组合,add,导轨脚架
mp7,MP7冲锋枪,MP7增强枪管组合,add,右贴片
mp7,MP7冲锋枪,MP7增强枪管组合,add,左贴片
mp7,MP7冲锋枪,MP7增强枪管组合,add,导轨脚架
mp7,MP7冲锋枪,眼6/12弹道计算狙击镜,add,遮光罩
mp7,MP7冲锋枪,6/12神射手变倍狙击镜,add,遮光罩
mp7,MP7冲锋枪,6/12神射手变倍狙击镜,add,上副瞄具
mp7,MP7冲锋枪,光学狙击8倍瞄准镜,add,遮光罩
mp7,MP7冲锋枪,HVK格斗套件,disable,前握把
mp7,MP7冲锋枪,HVK格斗套件,add,枪口
mp7,MP7冲锋枪,HVK格斗套件,disable,后握把
mp7,MP7冲锋枪,HVK格斗套件,disable,弹匣
mp7,MP7冲锋枪,HVK格斗套件,disable,侧瞄具
p90,P90冲锋枪,灵眼3/7弹道计算狙击镜,add,遮光罩
p90,P90冲锋枪,M157火控光学系统,add,遮光罩
p90,P90冲锋枪,LPVO多倍率战斗瞄具,add,遮光罩
p90,P90冲锋枪,3/7可调倍率狙击镜,add,遮光罩
p90,P90冲锋枪,3/7可调倍率狙击镜,add,上副瞄具
p90,P90冲锋枪,侦察1.5/5可调瞄准镜,add,遮光罩
p90,P90冲锋枪,MEO微型瞄具增高架,add,瞄准镜
p90,P90冲锋枪,多用途战术增高架,add,战术设备
p90,P90冲锋枪,多用途战术增高架,add,增高座瞄具
p90,P90冲锋枪,微型瞄具增高架,add,增高座瞄具
p90,P90冲锋枪,P90长弓精钢枪管,disable,侧瞄具
p90,P90冲锋枪,P90长弓精钢枪管,disable,前握把
p90,P90冲锋枪,P90长弓精钢枪管,add,左导轨
p90,P90冲锋枪,P90长弓精钢枪管,add,上导轨
p90,P90冲锋枪,P90重攻长枪管,add,左导轨
p90,P90冲锋枪,P90长弓精钢枪管,add,枪口
p90,P90冲锋枪,P90猎豹重枪管,add,枪口
p90,P90冲锋枪,P90重攻长枪管,add,枪口
p90,P90冲锋枪,P90重攻长枪管,add,前握把
pkm,PKM通用机枪,灵眼3/7弹道计算狙击镜,add,遮光罩
pkm,PKM通用机枪,M157火控光学系统,add,遮光罩
pkm,PKM通用机枪,LPVO多倍率战斗瞄具,add,遮光罩
pkm,PKM通用机枪,3/7可调倍率狙击镜,add,遮光罩
pkm,PKM通用机枪,3/7可调倍率狙击镜,add,上副瞄具
pkm,PKM通用机枪,侦察1.5/5可调瞄准镜,add,遮光罩
pkm,PKM通用机枪,MEO微型瞄具增高架,add,瞄准镜
pkm,PKM通用机枪,多用途战术增高架,add,战术设备
pkm,PKM通用机枪,多用途战术增高架,add,增高座瞄具
pkm,PKM通用机枪,微型瞄具增高架,add,增高座瞄具
pkm,PKM通用机枪,PKM地平线重枪管,add,前握把
pkm,PKM通用机枪,PKM地平线重枪管,add,上导轨
pkm,PKM通用机枪,PKM地平线重枪管,add,左导轨
pkm,PKM通用机枪,PKM地平线重枪管,add,右导轨
pkm,PKM通用机枪,PKM壕战短枪管,disable,导轨脚架
pkm,PKM通用机枪,PKM壕战短枪管,add,上导轨
pkm,PKM通用机枪,PKM壕战短枪管,add,左导轨
pkm,PKM通用机枪,PKM壕战短枪管,add,前握把
pkm,PKM通用机枪,PKM壕战短枪管,add,右导轨
pkm,PKM通用机枪,AK重塔握把,add,握把座
psg-1,PSG-1射手步枪,灵眼6/12弹道计算狙击镜,add,遮光罩
psg-1,PSG-1射手步枪,灵眼3/7弹道计算狙击镜,add,遮光罩
psg-1,PSG-1射手步枪,M157火控光学系统,add,遮光罩
psg-1,PSG-1射手步枪,6/12神射手变倍狙击镜,add,遮光罩
psg-1,PSG-1射手步枪,6/12神射手变倍狙击镜,add,上副瞄具
psg-1,PSG-1射手步枪,LPVO多倍率战斗瞄具,add,遮光罩
psg-1,PSG-1射手步枪,3/7可调倍率狙击镜,add,遮光罩
psg-1,PSG-1射手步枪,3/7可调倍率狙击镜,add,上副瞄具
psg-1,PSG-1射手步枪,光学狙击8倍瞄准镜,add,遮光罩
psg-1,PSG-1射手步枪,侦察1.5/5可调瞄准镜,add,遮光罩
psg-1,PSG-1射手步枪,MEO微型瞄具增高架,add,瞄准镜
psg-1,PSG-1射手步枪,多用途战术增高架,add,战术设备
psg-1,PSG-1射手步枪,多用途战术增高架,add,增高座瞄具
psg-1,PSG-1射手步枪,微型瞄具增高架,add,增高座瞄具
psg-1,PSG-1射手步枪,M3狙击镜,add,遮光罩
psg-1,PSG-1射手步枪,G3平台神射枪管组合,add,上导轨
psg-1,PSG-1射手步枪,G3平台神射枪管组合,add,左贴片
psg-1,PSG-1射手步枪,G3平台神射枪管组合,add,左导轨
psg-1,PSG-1射手步枪,G3平台神射枪管组合,add,右贴片
psg-1,PSG-1射手步枪,G3加强长枪管组合,add,左贴片
psg-1,PSG-1射手步枪,G3加强长枪管组合,add,右贴片
psg-1,PSG-1射手步枪,G3加强长枪管组合,add,左导轨
psg-1,PSG-1射手步枪,G3飓风短枪管组合,disable,导轨脚架
psg-1,PSG-1射手步枪,G3飓风短枪管组合,add,左贴片
psg-1,PSG-1射手步枪,G3飓风短枪管组合,add,右贴片
psg-1,PSG-1射手步枪,G3飓风短枪管组合,add,左导轨
psg-1,PSG-1射手步枪,G3守卫标准枪管组合,add,左贴片
psg-1,PSG-1射手步枪,G3守卫标准枪管组合,add,右贴片
psg-1,PSG-1射手步枪,G3守卫标准枪管组合,add,左导轨
psg-1,PSG-1射手步枪,G3平台神射枪管组合,add,枪口
psg-1,PSG-1射手步枪,G3守卫标准枪管组合,add,枪口
psg-1,PSG-1射手步枪,G3飓风短枪管组合,add,枪口
psg-1,PSG-1射手步枪,G3加强长枪管组合,add,枪口
ptr-32,PTR-32突击步枪,灵眼3/7弹道计算狙击镜,add,遮光罩
ptr-32,PTR-32突击步枪,M157火控光学系统,add,遮光罩
ptr-32,PTR-32突击步枪,LPVO多倍率战斗瞄具,add,遮光罩
ptr-32,PTR-32突击步枪,3/7可调倍率狙击镜,add,遮光罩
ptr-32,PTR-32突击步枪,3/7可调倍率狙击镜,add,上副瞄具
ptr-32,PTR-32突击步枪,侦察1.5/5可调瞄准镜,add,遮光罩
ptr-32,PTR-32突击步枪,MEO微型瞄具增高架,add,瞄准镜
ptr-32,PTR-32突击步枪,多用途战术增高架,add,战术设备
ptr-32,PTR-32突击步枪,多用途战术增高架,add,增高座瞄具
ptr-32,PTR-32突击步枪,微型瞄具增高架,add,增高座瞄具
ptr-32,PTR-32突击步枪,G3平台神射枪管组合,add,上导轨
ptr-32,PTR-32突击步枪,G3平台神射枪管组合,add,左导轨
ptr-32,PTR-32突击步枪,G3平台神射枪管组合,add,导轨脚架
ptr-32,PTR-32突击步枪,G3平台神射枪管组合,add,左贴片
ptr-32,PTR-32突击步枪,G3平台神射枪管组合,add,右贴片
ptr-32,PTR-32突击步枪,G3加强长枪管组合,add,左导轨
ptr-32,PTR-32突击步枪,G3加强长枪管组合,add,左贴片
ptr-32,PTR-32突击步枪,G3加强长枪管组合,add,导轨脚架
ptr-32,PTR-32突击步枪,G3加强长枪管组合,add,右贴片
ptr-32,PTR-32突击步枪,G3飓风短枪管组合,add,右贴片
ptr-32,PTR-32突击步枪,G3飓风短枪管组合,add,左贴片
ptr-32,PTR-32突击步枪,G3飓风短枪管组合,add,左导轨
ptr-32,PTR-32突击步枪,G3守卫标准枪管组合,add,左导轨
ptr-32,PTR-32突击步枪,G3守卫标准枪管组合,add,左贴片
ptr-32,PTR-32突击步枪,G3守卫标准枪管组合,add,导轨脚架
ptr-32,PTR-32突击步枪,G3守卫标准枪管组合,add,右贴片
ptr-32,PTR-32突击步枪,G3平台神射枪管组合,add,枪口
ptr-32,PTR-32突击步枪,G3守卫标准枪管组合,add,枪口
ptr-32,PTR-32突击步枪,G3飓风短枪管组合,add,枪口
ptr-32,PTR-32突击步枪,G3加强长枪管组合,add,枪口
qbz95-1,QBZ95-1突击步枪,95长弓平台套件,add,瞄准镜
qbz95-1,QBZ95-1突击步枪,95长弓平台套件,add,上导轨
qbz95-1,QBZ95-1突击步枪,95长弓平台套件,add,左导轨
qbz95-1,QBZ95-1突击步枪,95长弓平台套件,add,右导轨
qbz95-1,QBZ95-1突击步枪,95长弓平台套件,add,侧瞄具
qbz95-1,QBZ95-1突击步枪,QBZ95-1长弓枪管组合,add,左贴片
qbz95-1,QBZ95-1突击步枪,QBZ95-1长弓枪管组合,add,右贴片
qbz95-1,QBZ95-1突击步枪,QBZ95-1长弓枪管组合,add,导轨脚架
qbz95-1,QBZ95-1突击步枪,QBZ95战术枪管,add,右贴片
qbz95-1,QBZ95-1突击步枪,QBZ95战术枪管,add,左贴片
qbz95-1,QBZ95-1突击步枪,QBZ95战术枪管,add,导轨脚架
qbz95-1,QBZ95-1突击步枪,5.8新式60发弹鼓,disable,弹匣座
qbz95-1,QBZ95-1突击步枪,灵眼3/7弹道计算狙击镜,add,遮光罩
qbz95-1,QBZ95-1突击步枪,M157火控光学系统,add,遮光罩
qbz95-1,QBZ95-1突击步枪,LPVO多倍率战斗瞄具,add,遮光罩
qbz95-1,QBZ95-1突击步枪,3/7可调倍率狙击镜,add,遮光罩
qbz95-1,QBZ95-1突击步枪,3/7可调倍率狙击镜,add,上副瞄具
qbz95-1,QBZ95-1突击步枪,侦察1.5/5可调瞄准镜,add,遮光罩
qbz95-1,QBZ95-1突击步枪,MEO微型瞄具增高架,add,瞄准镜
qbz95-1,QBZ95-1突击步枪,多用途战术增高架,add,战术设备
qbz95-1,QBZ95-1突击步枪,多用途战术增高架,add,增高座瞄具
qbz95-1,QBZ95-1突击步枪,微型瞄具增高架,add,增高座瞄具
qbz95-1,QBZ95-1突击步枪,QBZ95-1长弓枪管组合,add,枪口
qbz95-1,QBZ95-1突击步枪,QBZ95战术枪管,add,枪口
qbz95-1,QBZ95-1突击步枪,QBZ95-1实用短枪管,add,枪口
qcq171,QCQ171冲锋枪,灵眼3/7弹道计算狙击镜,add,遮光罩
qcq171,QCQ171冲锋枪,M157火控光学系统,add,遮光罩
qcq171,QCQ171冲锋枪,LPVO多倍率战斗瞄具,add,遮光罩
qcq171,QCQ171冲锋枪,3/7可调倍率狙击镜,add,遮光罩
qcq171,QCQ171冲锋枪,3/7可调倍率狙击镜,add,上副瞄具
qcq171,QCQ171冲锋枪,侦察1.5/5可调瞄准镜,add,遮光罩
qcq171,QCQ171冲锋枪,MEO微型瞄具增高架,add,瞄准镜
qcq171,QCQ171冲锋枪,多用途战术增高架,add,战术设备
qcq171,QCQ171冲锋枪,多用途战术增高架,add,增高座瞄具
qcq171,QCQ171冲锋枪,微型瞄具增高架,add,增高座瞄具
qcq171,QCQ171冲锋枪,QCQ171新式渗透一体消音枪管,add,左贴片
qcq171,QCQ171冲锋枪,QCQ171新式渗透一体消音枪管,add,上贴片
qcq171,QCQ171冲锋枪,QCQ171新式渗透一体消音枪管,add,导轨脚架
qcq171,QCQ171冲锋枪,QCQ171新式渗透一体消音枪管,add,右贴片
qcq171,QCQ171冲锋枪,QCQ171新式红缨战术长枪管,add,左贴片
qcq171,QCQ171冲锋枪,QCQ171新式红缨战术长枪管,add,上贴片
qcq171,QCQ171冲锋枪,QCQ171新式红缨战术长枪管,add,导轨脚架
qcq171,QCQ171冲锋枪,QCQ171新式红缨战术长枪管,add,右贴片
qcq171,QCQ171冲锋枪,QCQ171新式狡兔短枪管组合,disable,上导轨
qcq171,QCQ171冲锋枪,QCQ171新式狡兔短枪管组合,disable,前握把
qcq171,QCQ171冲锋枪,新式75发扩容弹鼓,disable,弹匣座
qcq171,QCQ171冲锋枪,QCQ171新式渗透一体消音枪管,disable,枪口
qcq171,QCQ171冲锋枪,QCQ171新式渗透一体消音枪管,add,前握把
qcq171,QCQ171冲锋枪,QCQ171新式红缨战术长枪管,add,前握把
qjb201,QJB201轻机枪,QJB201新式重锤战术枪管,add,左贴片
qjb201,QJB201轻机枪,QJB201新式重锤战术枪管,add,上导轨
qjb201,QJB201轻机枪,QJB201新式重锤战术枪管,add,上贴片
qjb201,QJB201轻机枪,QJB201新式重锤战术枪管,add,右贴片
qjb201,QJB201轻机枪,QJB201新式獠牙短枪管,disable,导轨脚架
qjb201,QJB201轻机枪,QJB201新式獠牙短枪管,add,上贴片
qjb201,QJB201轻机枪,QJB201新式獠牙短枪管,add,左贴片
qjb201,QJB201轻机枪,QJB201新式獠牙短枪管,add,上导轨
qjb201,QJB201轻机枪,QJB201新式獠牙短枪管,add,右贴片
qjb201,QJB201轻机枪,侦察1.5/5可调瞄准镜,add,遮光罩
qjb201,QJB201轻机枪,MEO微型瞄具增高架,add,瞄准镜
qjb201,QJB201轻机枪,微型瞄具增高架,add,增高座瞄具
r93,R93狙击步枪,灵眼6/12弹道计算狙击镜,add,遮光罩
r93,R93狙击步枪,灵眼3/7弹道计算狙击镜,add,遮光罩
r93,R93狙击步枪,M157火控光学系统,add,遮光罩
r93,R93狙击步枪,6/12神射手变倍狙击镜,add,遮光罩
r93,R93狙击步枪,6/12神射手变倍狙击镜,add,上副瞄具
r93,R93狙击步枪,LPVO多倍率战斗瞄具,add,遮光罩
r93,R93狙击步枪,3/7可调倍率狙击镜,add,遮光罩
r93,R93狙击步枪,3/7可调倍率狙击镜,add,上副瞄具
r93,R93狙击步枪,光学狙击8倍瞄准镜,add,遮光罩
r93,R93狙击步枪,侦察1.5/5可调瞄准镜,add,遮光罩
r93,R93狙击步枪,MEO微型瞄具增高架,add,瞄准镜
r93,R93狙击步枪,多用途战术增高架,add,战术设备
r93,R93狙击步枪,多用途战术增高架,add,增高座瞄具
r93,R93狙击步枪,微型瞄具增高架,add,增高座瞄具
r93,R93狙击步枪,M3狙击镜,add,遮光罩
r93,R93狙击步枪,R93裂变长枪管,add,右导轨
r93,R93狙击步枪,R93裂变长枪管,add,上导轨
r93,R93狙击步枪,R93裂变长枪管,add,左导轨
r93,R93狙击步枪,R93裂变长枪管,add,上贴片
rm277,RM277突击步枪,灵眼3/7弹道计算狙击镜,add,遮光罩
rm277,RM277突击步枪,M157火控光学系统,add,遮光罩
rm277,RM277突击步枪,LPVO多倍率战斗瞄具,add,遮光罩
rm277,RM277突击步枪,3/7可调倍率狙击镜,add,遮光罩
rm277,RM277突击步枪,3/7可调倍率狙击镜,add,上副瞄具
rm277,RM277突击步枪,侦察1.5/5可调瞄准镜,add,遮光罩
rm277,RM277突击步枪,MEO微型瞄具增高架,add,瞄准镜
rm277,RM277突击步枪,多用途战术增高架,add,战术设备
rm277,RM277突击步枪,多用途战术增高架,add,增高座瞄具
rm277,RM277突击步枪,微型瞄具增高架,add,增高座瞄具
rm277,RM277突击步枪,RM277鲸鲨枪管组合,add,上导轨
rm277,RM277突击步枪,RM277重型一体枪管,disable,枪口
rm277,RM277突击步枪,RM277重型一体枪管,disable,导轨脚架
rm277,RM277突击步枪,RM277重型一体枪管,add,上导轨
rm277,RM277突击步枪,模块化AR后握把,add,后握贴片
rm277,RM277突击步枪,AR重塔握把,add,握把座
s12k,S12K霰弹枪,灵眼3/7弹道计算狙击镜,add,遮光罩
s12k,S12K霰弹枪,M157火控光学系统,add,遮光罩
s12k,S12K霰弹枪,LPVO多倍率战斗瞄具,add,遮光罩
s12k,S12K霰弹枪,3/7可调倍率狙击镜,add,遮光罩
s12k,S12K霰弹枪,3/7可调倍率狙击镜,add,上副瞄具
s12k,S12K霰弹枪,侦察1.5/5可调瞄准镜,add,遮光罩
s12k,S12K霰弹枪,MEO微型瞄具增高架,add,瞄准镜
s12k,S12K霰弹枪,多用途战术增高架,add,战术设备
s12k,S12K霰弹枪,多用途战术增高架,add,增高座瞄具
s12k,S12K霰弹枪,微型瞄具增高架,add,增高座瞄具
s12k,S12K霰弹枪,S12K破阵长枪管组合,add,左导轨
s12k,S12K霰弹枪,S12K破阵长枪管组合,add,左贴片
s12k,S12K霰弹枪,S12K破阵长枪管组合,add,导轨脚架
s12k,S12K霰弹枪,S12K破阵长枪管组合,add,右贴片
s12k,S12K霰弹枪,S12K防御者短枪管组合,add,左导轨
s12k,S12K霰弹枪,S12K实用长枪管组合,add,上导轨
s12k,S12K霰弹枪,S12K实用长枪管组合,add,左导轨
s12k,S12K霰弹枪,S12K实用长枪管组合,add,导轨脚架
s12k,S12K霰弹枪,S12K实用长枪管组合,add,右贴片
s12k,S12K霰弹枪,S12K实用长枪管组合,add,左贴片
s12k,S12K霰弹枪,S12K实用短枪管组合,add,左贴片
s12k,S12K霰弹枪,S12K实用短枪管组合,add,上导轨
s12k,S12K霰弹枪,S12K实用短枪管组合,add,左导轨
s12k,S12K霰弹枪,S12K实用短枪管组合,add,右贴片
s12k,S12K霰弹枪,锚点导轨后托,disable,枪托垫
s12k,S12K霰弹枪,QR高性能后托,disable,枪托垫
s12k,S12K霰弹枪,CT增强型后托,disable,枪托垫
s12k,S12K霰弹枪,影袭托芯枪托,disable,枪托垫
s12k,S12K霰弹枪,MRGS镂空枪托,disable,枪托垫
s12k,S12K霰弹枪,PT3死士枪托,disable,枪托垫
s12k,S12K霰弹枪,PT1特种枪托,disable,枪托垫
s12k,S12K霰弹枪,UR特种战术枪托,disable,枪托垫
s12k,S12K霰弹枪,影袭导轨枪托,disable,枪托垫
s12k,S12K霰弹枪,骨架狙击枪托,disable,枪托垫
s12k,S12K霰弹枪,AK19枪托,disable,枪托垫
s12k,S12K霰弹枪,枢机先进战斗枪托,disable,枪托垫
s12k,S12K霰弹枪,S12K撞火枪托,disable,枪托垫
s12k,S12K霰弹枪,416稳固枪托,disable,枪托垫
s12k,S12K霰弹枪,416轻型枪托,disable,枪托垫
s12k,S12K霰弹枪,精英轻型枪托,disable,枪托垫
s12k,S12K霰弹枪,侵掠核心枪托,disable,枪托垫
s12k,S12K霰弹枪,枢机稳固枪托,disable,枪托垫
s12k,S12K霰弹枪,闪电导轨枪托,disable,枪托垫
s12k,S12K霰弹枪,AK枪托尾盖,disable,枪托垫
s12k,S12K霰弹枪,AK骨架枪托,disable,枪托垫
s12k,S12K霰弹枪,实用轻型枪托,disable,枪托垫
s12k,S12K霰弹枪,实用战术枪托,disable,枪托垫
s12k,S12K霰弹枪,实用稳定枪托,disable,枪托垫
s12k,S12K霰弹枪,核心导轨枪托,disable,枪托垫
s12k,S12K霰弹枪,AK重塔握把,add,握把座
s12k,S12K霰弹枪,S12K撞火枪托,disable,后握把
scar-h,SCAR-H战斗步枪,灵眼3/7弹道计算狙击镜,add,遮光罩
scar-h,SCAR-H战斗步枪,M157火控光学系统,add,遮光罩
scar-h,SCAR-H战斗步枪,LPVO多倍率战斗瞄具,add,遮光罩
scar-h,SCAR-H战斗步枪,3/7可调倍率狙击镜,add,遮光罩
scar-h,SCAR-H战斗步枪,3/7可调倍率狙击镜,add,上副瞄具
scar-h,SCAR-H战斗步枪,侦察1.5/5可调瞄准镜,add,遮光罩
scar-h,SCAR-H战斗步枪,MEO微型瞄具增高架,add,瞄准镜
scar-h,SCAR-H战斗步枪,多用途战术增高架,add,战术设备
scar-h,SCAR-H战斗步枪,多用途战术增高架,add,增高座瞄具
scar-h,SCAR-H战斗步枪,微型瞄具增高架,add,增高座瞄具
scar-h,SCAR-H战斗步枪,SCARH海狸长枪管,add,上贴片
scar-h,SCAR-H战斗步枪,SCARH海狸长枪管,add,左贴片
scar-h,SCAR-H战斗步枪,SCARH海狸长枪管,add,导轨脚架
scar-h,SCAR-H战斗步枪,SCARH海狸长枪管,add,右贴片
scar-h,SCAR-H战斗步枪,模块化AR后握把,add,后握贴片
scar-h,SCAR-H战斗步枪,AR重塔握把,add,握把座
scar-h,SCAR-H战斗步枪,SCARH 50发弹鼓,disable,弹匣座
sg552,SG552突击步枪,灵眼3/7弹道计算狙击镜,add,遮光罩
sg552,SG552突击步枪,M157火控光学系统,add,遮光罩
sg552,SG552突击步枪,LPVO多倍率战斗瞄具,add,遮光罩
sg552,SG552突击步枪,3/7可调倍率狙击镜,add,遮光罩
sg552,SG552突击步枪,3/7可调倍率狙击镜,add,上副瞄具
sg552,SG552突击步枪,侦察1.5/5可调瞄准镜,add,遮光罩
sg552,SG552突击步枪,MEO微型瞄具增高架,add,瞄准镜
sg552,SG552突击步枪,多用途战术增高架,add,战术设备
sg552,SG552突击步枪,多用途战术增高架,add,增高座瞄具
sg552,SG552突击步枪,微型瞄具增高架,add,增高座瞄具
sg552,SG552突击步枪,SG552猎犬轻型枪管,add,左导轨
sg552,SG552突击步枪,SG552猎犬轻型枪管,add,上导轨
sg552,SG552突击步枪,SG552骑士重枪管,add,上导轨
sg552,SG552突击步枪,SG552骑士重枪管,add,左导轨
sg552,SG552突击步枪,SG552骑士重枪管,add,导轨脚架
sg552,SG552突击步枪,SG552骑士重枪管,add,上贴片
sg552,SG552突击步枪,SG552骑士重枪管,add,左贴片
sg552,SG552突击步枪,SG552骑士重枪管,add,右贴片
sg552,SG552突击步枪,模块化AR后握把,add,后握贴片
sg552,SG552突击步枪,AR重塔握把,add,握把座
sks,SKS射手步枪,SKS先进护木,add,后握把
sks,SKS射手步枪,SKS先进护木,add,枪托
sks,SKS射手步枪,SKS先进护木,add,弹匣
sks,SKS射手步枪,SKS先进护木,add,前握把
sks,SKS射手步枪,SKS先进护木,add,导轨脚架
sks,SKS射手步枪,SKS先进护木,add,上导轨
sks,SKS射手步枪,SKS先进护木,add,左导轨
sks,SKS射手步枪,SKS先进护木,add,右导轨
sks,SKS射手步枪,灵眼3/7弹道计算狙击镜,add,遮光罩
sks,SKS射手步枪,M157火控光学系统,add,遮光罩
sks,SKS射手步枪,LPVO多倍率战斗瞄具,add,遮光罩
sks,SKS射手步枪,3/7可调倍率狙击镜,add,遮光罩
sks,SKS射手步枪,3/7可调倍率狙击镜,add,上副瞄具
sks,SKS射手步枪,侦察1.5/5可调瞄准镜,add,遮光罩
sks,SKS射手步枪,MEO微型瞄具增高架,add,瞄准镜
sks,SKS射手步枪,多用途战术增高架,add,战术设备
sks,SKS射手步枪,多用途战术增高架,add,增高座瞄具
sks,SKS射手步枪,微型瞄具增高架,add,增高座瞄具
sks,SKS射手步枪,AK重塔握把,add,握把座
smg-45,SMG-45冲锋枪,灵眼3/7弹道计算狙击镜,add,遮光罩
smg-45,SMG-45冲锋枪,M157火控光学系统,add,遮光罩
smg-45,SMG-45冲锋枪,LPVO多倍率战斗瞄具,add,遮光罩
smg-45,SMG-45冲锋枪,3/7可调倍率狙击镜,add,遮光罩
smg-45,SMG-45冲锋枪,3/7可调倍率狙击镜,add,上副瞄具
smg-45,SMG-45冲锋枪,侦察1.5/5可调瞄准镜,add,遮光罩
smg-45,SMG-45冲锋枪,MEO微型瞄具增高架,add,瞄准镜
smg-45,SMG-45冲锋枪,多用途战术增高架,add,战术设备
smg-45,SMG-45冲锋枪,多用途战术增高架,add,增高座瞄具
smg-45,SMG-45冲锋枪,微型瞄具增高架,add,增高座瞄具
smg-45,SMG-45冲锋枪,SMG45裂变长枪管,add,上贴片
smg-45,SMG-45冲锋枪,SMG45裂变长枪管,add,导轨脚架
smg-45,SMG-45冲锋枪,SMG45裂变长枪管,add,左贴片
smg-45,SMG-45冲锋枪,SMG45裂变长枪管,add,右贴片
smg-45,SMG-45冲锋枪,模块化AR后握把,add,后握贴片
smg-45,SMG-45冲锋枪,AR重塔握把,add,握把座
smg-45,SMG-45冲锋枪,SMG45竹鼠短枪管,add,枪口
smg-45,SMG-45冲锋枪,SMG长弩超长枪管,add,枪口
smg-45,SMG-45冲锋枪,SMG45实用重枪管,add,枪口
sr-25,SR-25射手步枪,灵眼6/12弹道计算狙击镜,add,遮光罩
sr-25,SR-25射手步枪,灵眼3/7弹道计算狙击镜,add,遮光罩
sr-25,SR-25射手步枪,M157火控光学系统,add,遮光罩
sr-25,SR-25射手步枪,6/12神射手变倍狙击镜,add,遮光罩
sr-25,SR-25射手步枪,6/12神射手变倍狙击镜,add,上副瞄具
sr-25,SR-25射手步枪,LPVO多倍率战斗瞄具,add,遮光罩
sr-25,SR-25射手步枪,3/7可调倍率狙击镜,add,遮光罩
sr-25,SR-25射手步枪,3/7可调倍率狙击镜,add,上副瞄具
sr-25,SR-25射手步枪,光学狙击8倍瞄准镜,add,遮光罩
sr-25,SR-25射手步枪,侦察1.5/5可调瞄准镜,add,遮光罩
sr-25,SR-25射手步枪,MEO微型瞄具增高架,add,瞄准镜
sr-25,SR-25射手步枪,多用途战术增高架,add,战术设备
sr-25,SR-25射手步枪,多用途战术增高架,add,增高座瞄具
sr-25,SR-25射手步枪,微型瞄具增高架,add,增高座瞄具
sr-25,SR-25射手步枪,M3狙击镜,add,遮光罩
sr-25,SR-25射手步枪,模块化AR后握把,add,后握贴片
sr-25,SR-25射手步枪,AR重塔握把,add,握把座
sr-25,SR-25射手步枪,SR25瞬息短枪管,add,枪口
sr-25,SR-25射手步枪,SR25追风长枪管,add,枪口
sr-25,SR-25射手步枪,SR25新星超长枪管,add,枪口
sr-3m,SR-3M紧凑突击步枪,灵眼3/7弹道计算狙击镜,add,遮光罩
sr-3m,SR-3M紧凑突击步枪,M157火控光学系统,add,遮光罩
sr-3m,SR-3M紧凑突击步枪,LPVO多倍率战斗瞄具,add,遮光罩
sr-3m,SR-3M紧凑突击步枪,3/7可调倍率狙击镜,add,遮光罩
sr-3m,SR-3M紧凑突击步枪,3/7可调倍率狙击镜,add,上副瞄具
sr-3m,SR-3M紧凑突击步枪,侦察1.5/5可调瞄准镜,add,遮光罩
sr-3m,SR-3M紧凑突击步枪,MEO微型瞄具增高架,add,瞄准镜
sr-3m,SR-3M紧凑突击步枪,多用途战术增高架,add,战术设备
sr-3m,SR-3M紧凑突击步枪,多用途战术增高架,add,增高座瞄具
sr-3m,SR-3M紧凑突击步枪,微型瞄具增高架,add,增高座瞄具
sr-3m,SR-3M紧凑突击步枪,SR-3M铸钢战术枪管,add,前握把
sr-3m,SR-3M紧凑突击步枪,SR-3M铸钢战术枪管,add,上导轨
sr-3m,SR-3M紧凑突击步枪,SR-3M铸钢战术枪管,add,右贴片
sr-3m,SR-3M紧凑突击步枪,SR-3M铸钢战术枪管,add,左贴片
sr-3m,SR-3M紧凑突击步枪,AK重塔握把,add,握把座
sr9,SR9射手步枪,灵眼6/12弹道计算狙击镜,add,遮光罩
sr9,SR9射手步枪,灵眼3/7弹道计算狙击镜,add,遮光罩
sr9,SR9射手步枪,M157火控光学系统,add,遮光罩
sr9,SR9射手步枪,6/12神射手变倍狙击镜,add,遮光罩
sr9,SR9射手步枪,6/12神射手变倍狙击镜,add,上副瞄具
sr9,SR9射手步枪,LPVO多倍率战斗瞄具,add,遮光罩
sr9,SR9射手步枪,3/7可调倍率狙击镜,add,遮光罩
sr9,SR9射手步枪,3/7可调倍率狙击镜,add,上副瞄具
sr9,SR9射手步枪,光学狙击8倍瞄准镜,add,遮光罩
sr9,SR9射手步枪,侦察1.5/5可调瞄准镜,add,遮光罩
sr9,SR9射手步枪,MEO微型瞄具增高架,add,瞄准镜
sr9,SR9射手步枪,多用途战术增高架,add,战术设备
sr9,SR9射手步枪,多用途战术增高架,add,增高座瞄具
sr9,SR9射手步枪,微型瞄具增高架,add,增高座瞄具
sr9,SR9射手步枪,M3狙击镜,add,遮光罩
sr9,SR9射手步枪,G3平台神射枪管组合,add,上导轨
sr9,SR9射手步枪,G3平台神射枪管组合,add,左导轨
sr9,SR9射手步枪,G3平台神射枪管组合,add,导轨脚架
sr9,SR9射手步枪,G3平台神射枪管组合,add,左贴片
sr9,SR9射手步枪,G3平台神射枪管组合,add,右贴片
sr9,SR9射手步枪,G3加强长枪管组合,add,左导轨
sr9,SR9射手步枪,G3加强长枪管组合,add,左贴片
sr9,SR9射手步枪,G3加强长枪管组合,add,导轨脚架
sr9,SR9射手步枪,G3加强长枪管组合,add,右贴片
sr9,SR9射手步枪,G3飓风短枪管组合,add,右贴片
sr9,SR9射手步枪,G3飓风短枪管组合,add,左贴片
sr9,SR9射手步枪,G3飓风短枪管组合,add,左导轨
sr9,SR9射手步枪,G3守卫标准枪管组合,add,左导轨
sr9,SR9射手步枪,G3守卫标准枪管组合,add,左贴片
sr9,SR9射手步枪,G3守卫标准枪管组合,add,导轨脚架
sr9,SR9射手步枪,G3守卫标准枪管组合,add,右贴片
sr9,SR9射手步枪,G3平台神射枪管组合,add,枪口
sv-98,SV-98狙击步枪,灵眼6/12弹道计算狙击镜,add,遮光罩
sv-98,SV-98狙击步枪,灵眼3/7弹道计算狙击镜,add,遮光罩
sv-98,SV-98狙击步枪,M157火控光学系统,add,遮光罩
sv-98,SV-98狙击步枪,6/12神射手变倍狙击镜,add,遮光罩
sv-98,SV-98狙击步枪,6/12神射手变倍狙击镜,add,上副瞄具
sv-98,SV-98狙击步枪,LPVO多倍率战斗瞄具,add,遮光罩
sv-98,SV-98狙击步枪,3/7可调倍率狙击镜,add,遮光罩
sv-98,SV-98狙击步枪,3/7可调倍率狙击镜,add,上副瞄具
sv-98,SV-98狙击步枪,光学狙击8倍瞄准镜,add,遮光罩
sv-98,SV-98狙击步枪,侦察1.5/5可调瞄准镜,add,遮光罩
sv-98,SV-98狙击步枪,MEO微型瞄具增高架,add,瞄准镜
sv-98,SV-98狙击步枪,多用途战术增高架,add,战术设备
sv-98,SV-98狙击步枪,多用途战术增高架,add,增高座瞄具
sv-98,SV-98狙击步枪,微型瞄具增高架,add,增高座瞄具
sv-98,SV-98狙击步枪,M3狙击镜,add,遮光罩
svch,SVCH精确射手步枪,SVCH一体式护木,add,瞄准镜
svch,SVCH精确射手步枪,灵眼6/12弹道计算狙击镜,add,遮光罩
svch,SVCH精确射手步枪,灵眼3/7弹道计算狙击镜,add,遮光罩
svch,SVCH精确射手步枪,M157火控光学系统,add,遮光罩
svch,SVCH精确射手步枪,6/12神射手变倍狙击镜,add,遮光罩
svch,SVCH精确射手步枪,6/12神射手变倍狙击镜,add,上副瞄具
svch,SVCH精确射手步枪,LPVO多倍率战斗瞄具,add,遮光罩
svch,SVCH精确射手步枪,3/7可调倍率狙击镜,add,遮光罩
svch,SVCH精确射手步枪,3/7可调倍率狙击镜,add,上副瞄具
svch,SVCH精确射手步枪,光学狙击8倍瞄准镜,add,遮光罩
svch,SVCH精确射手步枪,侦察1.5/5可调瞄准镜,add,遮光罩
svch,SVCH精确射手步枪,多用途战术增高架,add,战术设备
svch,SVCH精确射手步枪,多用途战术增高架,add,增高座瞄具
svch,SVCH精确射手步枪,微型瞄具增高架,add,增高座瞄具
svch,SVCH精确射手步枪,M3狙击镜,add,遮光罩
svch,SVCH精确射手步枪,SVCH碳纤长枪管,add,枪机
svch,SVCH精确射手步枪,SVCH凌风并联弹匣,disable,弹匣座
svd,SVD狙击步枪,灵眼6/12弹道计算狙击镜,add,遮光罩
svd,SVD狙击步枪,灵眼3/7弹道计算狙击镜,add,遮光罩
svd,SVD狙击步枪,M157火控光学系统,add,遮光罩
svd,SVD狙击步枪,6/12神射手变倍狙击镜,add,遮光罩
svd,SVD狙击步枪,6/12神射手变倍狙击镜,add,上副瞄具
svd,SVD狙击步枪,LPVO多倍率战斗瞄具,add,遮光罩
svd,SVD狙击步枪,3/7可调倍率狙击镜,add,遮光罩
svd,SVD狙击步枪,3/7可调倍率狙击镜,add,上副瞄具
svd,SVD狙击步枪,光学狙击8倍瞄准镜,add,遮光罩
svd,SVD狙击步枪,侦察1.5/5可调瞄准镜,add,遮光罩
svd,SVD狙击步枪,MEO微型瞄具增高架,add,瞄准镜
svd,SVD狙击步枪,多用途战术增高架,add,战术设备
svd,SVD狙击步枪,多用途战术增高架,add,增高座瞄具
svd,SVD狙击步枪,微型瞄具增高架,add,增高座瞄具
svd,SVD狙击步枪,M3狙击镜,add,遮光罩
svd,SVD狙击步枪,SVD导轨护木,add,导轨脚架
svd,SVD狙击步枪,SVD导轨护木,add,上导轨
svd,SVD狙击步枪,SVD导轨护木,add,前握把
svd,SVD狙击步枪,SVD导轨护木,add,上贴片
svd,SVD狙击步枪,SVD导轨护木,add,左导轨
svd,SVD狙击步枪,SVD导轨护木,add,右导轨
svd,SVD狙击步枪,svd聚合物护木,add,前握把
svd,SVD狙击步枪,svd聚合物护木,add,右导轨
svd,SVD狙击步枪,svd聚合物护木,add,左导轨
svd,SVD狙击步枪,SVD握把转接,add,枪托
svd,SVD狙击步枪,SVD握把转接,add,后握把2
svd,SVD狙击步枪,AK重塔握把,add,握把座
uzi,UZI冲锋枪,灵眼3/7弹道计算狙击镜,add,遮光罩
uzi,UZI冲锋枪,M157火控光学系统,add,遮光罩
uzi,UZI冲锋枪,LPVO多倍率战斗瞄具,add,遮光罩
uzi,UZI冲锋枪,3/7可调倍率狙击镜,add,遮光罩
uzi,UZI冲锋枪,3/7可调倍率狙击镜,add,上副瞄具
uzi,UZI冲锋枪,侦察1.5/5可调瞄准镜,add,遮光罩
uzi,UZI冲锋枪,MEO微型瞄具增高架,add,瞄准镜
uzi,UZI冲锋枪,多用途战术增高架,add,战术设备
uzi,UZI冲锋枪,多用途战术增高架,add,增高座瞄具
uzi,UZI冲锋枪,微型瞄具增高架,add,增高座瞄具
uzi,UZI冲锋枪,UZI性能护木,disable,前握把
uzi,UZI冲锋枪,UZI性能护木,disable,左导轨
uzi,UZI冲锋枪,UZI性能护木,disable,右导轨
uzi,UZI冲锋枪,UZI军需长枪管,add,枪口
uzi,UZI冲锋枪,UZI突击标准枪管,add,枪口
uzi,UZI冲锋枪,UZI竞赛性能长枪管,add,枪口
vector,Vector冲锋枪,灵眼3/7弹道计算狙击镜,add,遮光罩
vector,Vector冲锋枪,M157火控光学系统,add,遮光罩
vector,Vector冲锋枪,LPVO多倍率战斗瞄具,add,遮光罩
vector,Vector冲锋枪,3/7可调倍率狙击镜,add,遮光罩
vector,Vector冲锋枪,3/7可调倍率狙击镜,add,上副瞄具
vector,Vector冲锋枪,侦察1.5/5可调瞄准镜,add,遮光罩
vector,Vector冲锋枪,MEO微型瞄具增高架,add,瞄准镜
vector,Vector冲锋枪,多用途战术增高架,add,战术设备
vector,Vector冲锋枪,多用途战术增高架,add,增高座瞄具
vector,Vector冲锋枪,微型瞄具增高架,add,增高座瞄具
vector,Vector冲锋枪,Vector长剑超长枪管组合,add,左导轨
vector,Vector冲锋枪,Vector长剑超长枪管组合,add,导轨脚架
vector,Vector冲锋枪,Vector长剑超长枪管组合,add,左贴片
vector,Vector冲锋枪,Vector长剑超长枪管组合,add,上贴片
vector,Vector冲锋枪,Vector长剑超长枪管组合,add,右导轨
vector,Vector冲锋枪,Vector长剑超长枪管组合,add,右贴片
vector,Vector冲锋枪,Vector堡垒重枪管组合,add,右导轨
vector,Vector冲锋枪,Vector堡垒重枪管组合,add,左导轨
vector,Vector冲锋枪,Vector导轨枪管组合,add,左导轨
vector,Vector冲锋枪,Vector导轨枪管组合,add,导轨脚架
vector,Vector冲锋枪,Vector导轨枪管组合,add,右导轨
vector,Vector冲锋枪,Vector扩容CMAG70发,disable,弹匣座
vector,Vector冲锋枪,Vector堡垒重枪管组合,disable,前握把
vector,Vector冲锋枪,Vector长剑超长枪管组合,add,枪口
vector,Vector冲锋枪,Vector堡垒重枪管组合,add,枪口
vector,Vector冲锋枪,Vector导轨枪管组合,add,枪口
vss,VSS射手步枪,灵眼6/12弹道计算狙击镜,add,遮光罩
vss,VSS射手步枪,灵眼3/7弹道计算狙击镜,add,遮光罩
vss,VSS射手步枪,M157火控光学系统,add,遮光罩
vss,VSS射手步枪,6/12神射手变倍狙击镜,add,遮光罩
vss,VSS射手步枪,6/12神射手变倍狙击镜,add,上副瞄具
vss,VSS射手步枪,LPVO多倍率战斗瞄具,add,遮光罩
vss,VSS射手步枪,3/7可调倍率狙击镜,add,遮光罩
vss,VSS射手步枪,3/7可调倍率狙击镜,add,上副瞄具
vss,VSS射手步枪,光学狙击8倍瞄准镜,add,遮光罩
vss,VSS射手步枪,侦察1.5/5可调瞄准镜,add,遮光罩
vss,VSS射手步枪,MEO微型瞄具增高架,add,瞄准镜
vss,VSS射手步枪,多用途战术增高架,add,战术设备
vss,VSS射手步枪,多用途战术增高架,add,增高座瞄具
vss,VSS射手步枪,微型瞄具增高架,add,增高座瞄具
vss,VSS射手步枪,M3狙击镜,add,遮光罩
vss,VSS射手步枪,VSS海啸长枪管组合,add,上导轨
vss,VSS射手步枪,VSS海啸长枪管组合,add,导轨脚架
