武器ID,武器名称,槽位名称
357,.357左轮,瞄准镜
357,.357左轮,枪管
357,.357左轮,枪口
357,.357左轮,后握把
357,.357左轮,遮光罩
357,.357左轮,上副瞄具
357,.357左轮,前握把
357,.357左轮,导轨脚架
357,.357左轮,上导轨
357,.357左轮,右导轨
357,.357左轮,上贴片
357,.357左轮,左导轨
357,.357左轮,右贴片
357,.357左轮,左贴片
357,.357左轮,枪托
725,725双管霰弹枪,瞄准镜
725,725双管霰弹枪,枪管
725,725双管霰弹枪,枪口
725,725双管霰弹枪,枪托
725,725双管霰弹枪,遮光罩
725,725双管霰弹枪,上副瞄具
725,725双管霰弹枪,战术设备
725,725双管霰弹枪,增高座瞄具
725,725双管霰弹枪,前握把
725,725双管霰弹枪,左导轨
725,725双管霰弹枪,右导轨
725,725双管霰弹枪,上贴片
725,725双管霰弹枪,左贴片
725,725双管霰弹枪,右贴片
93r,93R,枪管
93r,93R,瞄准镜
93r,93R,枪口
93r,93R,下导轨
93r,93R,后握把
93r,93R,弹匣
复合弓,复合弓,弓瞄具
复合弓,复合弓,弓臂
复合弓,复合弓,弹匣
复合弓,复合弓,弓弦
复合弓,复合弓,稳定杆
复合弓,复合弓,箭台
复合弓,复合弓,握把片
杠杆式步枪,杠杆式步枪,瞄准镜
杠杆式步枪,杠杆式步枪,枪管
杠杆式步枪,杠杆式步枪,枪口
杠杆式步枪,杠杆式步枪,枪托
杠杆式步枪,杠杆式步枪,杠杆
杠杆式步枪,杠杆式步枪,遮光罩
杠杆式步枪,杠杆式步枪,上副瞄具
杠杆式步枪,杠杆式步枪,战术设备
杠杆式步枪,杠杆式步枪,增高座瞄具
杠杆式步枪,杠杆式步枪,前握把
杠杆式步枪,杠杆式步枪,左导轨
杠杆式步枪,杠杆式步枪,右导轨
杠杆式步枪,杠杆式步枪,上导轨
杠杆式步枪,杠杆式步枪,右贴片
杠杆式步枪,杠杆式步枪,左贴片
杠杆式步枪,杠杆式步枪,托腮板
沙漠之鹰,沙漠之鹰,瞄准镜
沙漠之鹰,沙漠之鹰,枪管
沙漠之鹰,沙漠之鹰,下导轨
沙漠之鹰,沙漠之鹰,枪口
沙漠之鹰,沙漠之鹰,弹匣
沙漠之鹰,沙漠之鹰,后握把
腾龙突击步枪,腾龙突击步枪,上导轨
腾龙突击步枪,腾龙突击步枪,右导轨
腾龙突击步枪,腾龙突击步枪,瞄准镜
腾龙突击步枪,腾龙突击步枪,左导轨
腾龙突击步枪,腾龙突击步枪,侧瞄具
腾龙突击步枪,腾龙突击步枪,导气
腾龙突击步枪,腾龙突击步枪,前握把
腾龙突击步枪,腾龙突击步枪,枪管
腾龙突击步枪,腾龙突击步枪,枪托
腾龙突击步枪,腾龙突击步枪,枪口
腾龙突击步枪,腾龙突击步枪,后握把
腾龙突击步枪,腾龙突击步枪,弹匣
腾龙突击步枪,腾龙突击步枪,弹匣座
腾龙突击步枪,腾龙突击步枪,遮光罩
腾龙突击步枪,腾龙突击步枪,上副瞄具
腾龙突击步枪,腾龙突击步枪,战术设备
腾龙突击步枪,腾龙突击步枪,增高座瞄具
腾龙突击步枪,腾龙突击步枪,上贴片
腾龙突击步枪,腾龙突击步枪,左贴片
腾龙突击步枪,腾龙突击步枪,导轨脚架
腾龙突击步枪,腾龙突击步枪,右贴片
野牛冲锋枪,野牛冲锋枪,瞄准镜
野牛冲锋枪,野牛冲锋枪,拉机柄
野牛冲锋枪,野牛冲锋枪,侧瞄具
野牛冲锋枪,野牛冲锋枪,护木
野牛冲锋枪,野牛冲锋枪,右导轨
野牛冲锋枪,野牛冲锋枪,左导轨
野牛冲锋枪,野牛冲锋枪,枪管
野牛冲锋枪,野牛冲锋枪,枪口
野牛冲锋枪,野牛冲锋枪,枪托
野牛冲锋枪,野牛冲锋枪,弹匣
野牛冲锋枪,野牛冲锋枪,枪托垫
野牛冲锋枪,野牛冲锋枪,后握把
野牛冲锋枪,野牛冲锋枪,遮光罩
野牛冲锋枪,野牛冲锋枪,上副瞄具
野牛冲锋枪,野牛冲锋枪,战术设备
野牛冲锋枪,野牛冲锋枪,增高座瞄具
野牛冲锋枪,野牛冲锋枪,握把座
勇士冲锋枪,勇士冲锋枪,瞄准镜
勇士冲锋枪,勇士冲锋枪,拉机柄
勇士冲锋枪,勇士冲锋枪,侧瞄具
勇士冲锋枪,勇士冲锋枪,右导轨
勇士冲锋枪,勇士冲锋枪,枪管
勇士冲锋枪,勇士冲锋枪,枪口
勇士冲锋枪,勇士冲锋枪,枪托
勇士冲锋枪,勇士冲锋枪,前握把
勇士冲锋枪,勇士冲锋枪,枪托垫
勇士冲锋枪,勇士冲锋枪,后握把
勇士冲锋枪,勇士冲锋枪,弹匣
勇士冲锋枪,勇士冲锋枪,弹匣座
勇士冲锋枪,勇士冲锋枪,遮光罩
勇士冲锋枪,勇士冲锋枪,上副瞄具
勇士冲锋枪,勇士冲锋枪,战术设备
勇士冲锋枪,勇士冲锋枪,增高座瞄具
勇士冲锋枪,勇士冲锋枪,上导轨
勇士冲锋枪,勇士冲锋枪,左导轨
勇士冲锋枪,勇士冲锋枪,左贴片
勇士冲锋枪,勇士冲锋枪,右贴片
勇士冲锋枪,勇士冲锋枪,握把座
ak-12,AK-12突击步枪,拉机柄
ak-12,AK-12突击步枪,瞄准镜
ak-12,AK-12突击步枪,上导轨
ak-12,AK-12突击步枪,侧瞄具
ak-12,AK-12突击步枪,枪管
ak-12,AK-12突击步枪,前握把
ak-12,AK-12突击步枪,右导轨
ak-12,AK-12突击步枪,枪口
ak-12,AK-12突击步枪,枪托
ak-12,AK-12突击步枪,后握把
ak-12,AK-12突击步枪,弹匣
ak-12,AK-12突击步枪,弹匣座
ak-12,AK-12突击步枪,遮光罩
ak-12,AK-12突击步枪,上副瞄具
ak-12,AK-12突击步枪,战术设备
ak-12,AK-12突击步枪,增高座瞄具
ak-12,AK-12突击步枪,左贴片
ak-12,AK-12突击步枪,左导轨
ak-12,AK-12突击步枪,上贴片
ak-12,AK-12突击步枪,右贴片
ak-12,AK-12突击步枪,导轨脚架
ak-12,AK-12突击步枪,握把座
akm,AKM突击步枪,拉机柄
akm,AKM突击步枪,瞄准镜
akm,AKM突击步枪,侧瞄具
akm,AKM突击步枪,枪管
akm,AKM突击步枪,前握把
akm,AKM突击步枪,枪口
akm,AKM突击步枪,枪托
akm,AKM突击步枪,枪托垫
akm,AKM突击步枪,后握把
akm,AKM突击步枪,弹匣座
akm,AKM突击步枪,弹匣
akm,AKM突击步枪,遮光罩
akm,AKM突击步枪,上副瞄具
akm,AKM突击步枪,战术设备
akm,AKM突击步枪,增高座瞄具
akm,AKM突击步枪,上导轨
akm,AKM突击步枪,左导轨
akm,AKM突击步枪,导轨脚架
akm,AKM突击步枪,右贴片
akm,AKM突击步枪,右导轨
akm,AKM突击步枪,左贴片
akm,AKM突击步枪,握把座
aks-74u,AKS-74U突击步枪,瞄准镜
aks-74u,AKS-74U突击步枪,侧瞄具
aks-74u,AKS-74U突击步枪,拉机柄
aks-74u,AKS-74U突击步枪,护木
aks-74u,AKS-74U突击步枪,枪口
aks-74u,AKS-74U突击步枪,前握把
aks-74u,AKS-74U突击步枪,枪托
aks-74u,AKS-74U突击步枪,枪托垫
aks-74u,AKS-74U突击步枪,后握把
aks-74u,AKS-74U突击步枪,弹匣
aks-74u,AKS-74U突击步枪,弹匣座
aks-74u,AKS-74U突击步枪,遮光罩
aks-74u,AKS-74U突击步枪,上副瞄具
aks-74u,AKS-74U突击步枪,战术设备
aks-74u,AKS-74U突击步枪,增高座瞄具
aks-74u,AKS-74U突击步枪,右导轨
aks-74u,AKS-74U突击步枪,左导轨
aks-74u,AKS-74U突击步枪,握把座
aks-74u,AKS-74U突击步枪,上护木
aks-74u,AKS-74U突击步枪,上导轨
ar57,AR57突击步枪,瞄准镜
ar57,AR57突击步枪,右贴片
ar57,AR57突击步枪,侧瞄具
ar57,AR57突击步枪,左贴片
ar57,AR57突击步枪,枪管
ar57,AR57突击步枪,右导轨
ar57,AR57突击步枪,前握把
ar57,AR57突击步枪,枪托套件
ar57,AR57突击步枪,左导轨
ar57,AR57突击步枪,枪托
ar57,AR57突击步枪,枪口
ar57,AR57突击步枪,导轨脚架
ar57,AR57突击步枪,后握把
ar57,AR57突击步枪,遮光罩
ar57,AR57突击步枪,增高座瞄具
ar57,AR57突击步枪,上导轨
ar57,AR57突击步枪,后握贴片
ar57,AR57突击步枪,握把座
ash-12,ASh-12战斗步枪,瞄准镜
ash-12,ASh-12战斗步枪,侧瞄具
ash-12,ASh-12战斗步枪,枪管
ash-12,ASh-12战斗步枪,上导轨
ash-12,ASh-12战斗步枪,右导轨
ash-12,ASh-12战斗步枪,左导轨
ash-12,ASh-12战斗步枪,枪口
ash-12,ASh-12战斗步枪,枪托
ash-12,ASh-12战斗步枪,前握把
ash-12,ASh-12战斗步枪,弹匣
ash-12,ASh-12战斗步枪,遮光罩
ash-12,ASh-12战斗步枪,上副瞄具
ash-12,ASh-12战斗步枪,战术设备
ash-12,ASh-12战斗步枪,增高座瞄具
asval,ASVal突击步枪,拉机柄
asval,ASVal突击步枪,瞄准镜
asval,ASVal突击步枪,侧瞄具
asval,ASVal突击步枪,枪管
asval,ASVal突击步枪,右导轨
asval,ASVal突击步枪,左导轨
asval,ASVal突击步枪,枪托
asval,ASVal突击步枪,前握把
asval,ASVal突击步枪,弹匣
asval,ASVal突击步枪,后握把
asval,ASVal突击步枪,弹匣座
asval,ASVal突击步枪,遮光罩
asval,ASVal突击步枪,上副瞄具
asval,ASVal突击步枪,战术设备
asval,ASVal突击步枪,增高座瞄具
asval,ASVal突击步枪,上导轨
asval,ASVal突击步枪,导轨脚架
asval,ASVal突击步枪,握把座
aug,AUG突击步枪,瞄准镜
aug,AUG突击步枪,侧瞄具
aug,AUG突击步枪,右导轨
aug,AUG突击步枪,枪管
aug,AUG突击步枪,托腮板
aug,AUG突击步枪,枪口
aug,AUG突击步枪,前握把
aug,AUG突击步枪,枪托
aug,AUG突击步枪,弹匣
aug,AUG突击步枪,弹匣座
aug,AUG突击步枪,遮光罩
aug,AUG突击步枪,上副瞄具
aug,AUG突击步枪,战术设备
aug,AUG突击步枪,增高座瞄具
aug,AUG突击步枪,左导轨
aug,AUG突击步枪,上导轨
aug,AUG突击步枪,右贴片
awm,AWM狙击步枪,独特
awm,AWM狙击步枪,瞄准镜
awm,AWM狙击步枪,侧瞄具
awm,AWM狙击步枪,枪管
awm,AWM狙击步枪,枪口
awm,AWM狙击步枪,弹匣座
awm,AWM狙击步枪,左导轨
awm,AWM狙击步枪,右导轨
awm,AWM狙击步枪,导轨脚架
awm,AWM狙击步枪,左贴片
awm,AWM狙击步枪,右贴片
awm,AWM狙击步枪,遮光罩
awm,AWM狙击步枪,上副瞄具
awm,AWM狙击步枪,战术设备
awm,AWM狙击步枪,增高座瞄具
car-15,CAR-15突击步枪,瞄准镜
car-15,CAR-15突击步枪,右导轨
car-15,CAR-15突击步枪,枪管
car-15,CAR-15突击步枪,枪口
car-15,CAR-15突击步枪,枪托
car-15,CAR-15突击步枪,下导轨
car-15,CAR-15突击步枪,枪托套件
car-15,CAR-15突击步枪,后握把
car-15,CAR-15突击步枪,弹匣
car-15,CAR-15突击步枪,弹匣座
car-15,CAR-15突击步枪,遮光罩
car-15,CAR-15突击步枪,上副瞄具
car-15,CAR-15突击步枪,战术设备
car-15,CAR-15突击步枪,增高座瞄具
car-15,CAR-15突击步枪,前握把
car-15,CAR-15突击步枪,上导轨
car-15,CAR-15突击步枪,导轨脚架
car-15,CAR-15突击步枪,上贴片
car-15,CAR-15突击步枪,左贴片
car-15,CAR-15突击步枪,左导轨
car-15,CAR-15突击步枪,右贴片
car-15,CAR-15突击步枪,后握贴片
car-15,CAR-15突击步枪,握把座
fs-12,FS-12霰弹枪,瞄准镜
fs-12,FS-12霰弹枪,弹匣
fs-12,FS-12霰弹枪,侧瞄具
fs-12,FS-12霰弹枪,枪管
fs-12,FS-12霰弹枪,枪口
fs-12,FS-12霰弹枪,护木
fs-12,FS-12霰弹枪,枪托
fs-12,FS-12霰弹枪,后握把
fs-12,FS-12霰弹枪,遮光罩
fs-12,FS-12霰弹枪,战术设备
fs-12,FS-12霰弹枪,增高座瞄具
fs-12,FS-12霰弹枪,握把座
g17,G17,枪管
g17,G17,下导轨
g17,G17,枪口
g17,G17,瞄准镜
g17,G17,弹匣
g17,G17,后握把
g18,G18,枪管
g18,G18,下导轨
g18,G18,枪口
g18,G18,瞄准镜
g18,G18,弹匣
g18,G18,后握把
g3,G3战斗步枪,瞄准镜
g3,G3战斗步枪,侧瞄具
g3,G3战斗步枪,前握把
g3,G3战斗步枪,枪管
g3,G3战斗步枪,右导轨
g3,G3战斗步枪,枪口
g3,G3战斗步枪,枪托
g3,G3战斗步枪,导轨脚架
g3,G3战斗步枪,后握把
g3,G3战斗步枪,弹匣
g3,G3战斗步枪,弹匣座
g3,G3战斗步枪,遮光罩
g3,G3战斗步枪,上副瞄具
g3,G3战斗步枪,战术设备
g3,G3战斗步枪,增高座瞄具
g3,G3战斗步枪,上导轨
g3,G3战斗步枪,左贴片
g3,G3战斗步枪,左导轨
g3,G3战斗步枪,右贴片
k416,K416突击步枪,瞄准镜
k416,K416突击步枪,上贴片
k416,K416突击步枪,侧瞄具
k416,K416突击步枪,右贴片
k416,K416突击步枪,上导轨
k416,K416突击步枪,左贴片
k416,K416突击步枪,枪管
k416,K416突击步枪,右导轨
k416,K416突击步枪,枪托套件
k416,K416突击步枪,左导轨
k416,K416突击步枪,枪托
k416,K416突击步枪,枪口
k416,K416突击步枪,前握把
k416,K416突击步枪,后握把
k416,K416突击步枪,弹匣
k416,K416突击步枪,弹匣座
k416,K416突击步枪,遮光罩
k416,K416突击步枪,上副瞄具
k416,K416突击步枪,战术设备
k416,K416突击步枪,增高座瞄具
k416,K416突击步枪,导轨脚架
k416,K416突击步枪,后握贴片
k416,K416突击步枪,握把座
k437,K437突击步枪,瞄准镜
k437,K437突击步枪,上导轨
k437,K437突击步枪,侧瞄具
k437,K437突击步枪,枪管
k437,K437突击步枪,右导轨
k437,K437突击步枪,左导轨
k437,K437突击步枪,前握把
k437,K437突击步枪,枪托
k437,K437突击步枪,枪口
k437,K437突击步枪,后握把
k437,K437突击步枪,弹匣
k437,K437突击步枪,弹匣座
k437,K437突击步枪,遮光罩
k437,K437突击步枪,上副瞄具
k437,K437突击步枪,战术设备
k437,K437突击步枪,增高座瞄具
k437,K437突击步枪,右贴片
k437,K437突击步枪,左贴片
k437,K437突击步枪,后握贴片
k437,K437突击步枪,握把座
kc17,KC17突击步枪,瞄准镜
kc17,KC17突击步枪,上导轨
kc17,KC17突击步枪,右贴片
kc17,KC17突击步枪,侧瞄具
kc17,KC17突击步枪,左贴片
kc17,KC17突击步枪,右导轨
kc17,KC17突击步枪,枪管
kc17,KC17突击步枪,左导轨
kc17,KC17突击步枪,枪托
kc17,KC17突击步枪,前握把
kc17,KC17突击步枪,枪口
kc17,KC17突击步枪,后握把
kc17,KC17突击步枪,弹匣
kc17,KC17突击步枪,弹匣座
kc17,KC17突击步枪,遮光罩
kc17,KC17突击步枪,上副瞄具
kc17,KC17突击步枪,战术设备
kc17,KC17突击步枪,增高座瞄具
kc17,KC17突击步枪,后握贴片
kc17,KC17突击步枪,握把座
m1014,M1014霰弹枪,瞄准镜
m1014,M1014霰弹枪,弹匣
m1014,M1014霰弹枪,侧瞄具
m1014,M1014霰弹枪,护木
m1014,M1014霰弹枪,枪管
m1014,M1014霰弹枪,枪口
m1014,M1014霰弹枪,前握把
m1014,M1014霰弹枪,枪托
m1014,M1014霰弹枪,遮光罩
m1014,M1014霰弹枪,上副瞄具
m1014,M1014霰弹枪,战术设备
m1014,M1014霰弹枪,增高座瞄具
m1014,M1014霰弹枪,右导轨
m1014,M1014霰弹枪,左导轨
m1014,M1014霰弹枪,托腮板
m14,M14射手步枪,护木套件
m14,M14射手步枪,瞄准镜
m14,M14射手步枪,侧瞄具
m14,M14射手步枪,枪管
m14,M14射手步枪,弹匣
m14,M14射手步枪,枪口
m14,M14射手步枪,托腮板
m14,M14射手步枪,弹匣座
m14,M14射手步枪,护木
m14,M14射手步枪,前握把
m14,M14射手步枪,枪托
m14,M14射手步枪,导轨脚架
m14,M14射手步枪,上导轨
m14,M14射手步枪,左导轨
m14,M14射手步枪,右导轨
m14,M14射手步枪,上贴片
m14,M14射手步枪,遮光罩
m14,M14射手步枪,上副瞄具
m14,M14射手步枪,战术设备
m14,M14射手步枪,增高座瞄具
m14,M14射手步枪,右贴片
m14,M14射手步枪,左贴片
m16a4,M16A4突击步枪,瞄准镜
m16a4,M16A4突击步枪,侧瞄具
m16a4,M16A4突击步枪,枪管
m16a4,M16A4突击步枪,枪口
m16a4,M16A4突击步枪,枪托
m16a4,M16A4突击步枪,下导轨
m16a4,M16A4突击步枪,枪托套件
m16a4,M16A4突击步枪,后握把
m16a4,M16A4突击步枪,弹匣
m16a4,M16A4突击步枪,弹匣座
m16a4,M16A4突击步枪,遮光罩
m16a4,M16A4突击步枪,上副瞄具
m16a4,M16A4突击步枪,战术设备
m16a4,M16A4突击步枪,增高座瞄具
m16a4,M16A4突击步枪,前握把
m16a4,M16A4突击步枪,上导轨
m16a4,M16A4突击步枪,导轨脚架
m16a4,M16A4突击步枪,右导轨
m16a4,M16A4突击步枪,上贴片
m16a4,M16A4突击步枪,左导轨
m16a4,M16A4突击步枪,左贴片
m16a4,M16A4突击步枪,右贴片
m16a4,M16A4突击步枪,后握贴片
m16a4,M16A4突击步枪,握把座
m1911,M1911,枪管
m1911,M1911,下导轨
m1911,M1911,瞄准镜
m1911,M1911,枪口
m1911,M1911,扳机
m1911,M1911,击锤
m1911,M1911,弹匣
m1911,M1911,后握把
m249,M249轻机枪,瞄准镜
m249,M249轻机枪,侧瞄具
m249,M249轻机枪,枪管
m249,M249轻机枪,右导轨
m249,M249轻机枪,护木
m249,M249轻机枪,枪口
m249,M249轻机枪,枪托
m249,M249轻机枪,左导轨
m249,M249轻机枪,导轨脚架
m249,M249轻机枪,前握把
m249,M249轻机枪,后握把
m249,M249轻机枪,弹匣
m249,M249轻机枪,遮光罩
m249,M249轻机枪,上副瞄具
m249,M249轻机枪,战术设备
m249,M249轻机枪,增高座瞄具
m249,M249轻机枪,上导轨
m249,M249轻机枪,上贴片
m249,M249轻机枪,左贴片
m249,M249轻机枪,右贴片
m250,M250通用机枪,上导轨
m250,M250通用机枪,瞄准镜
m250,M250通用机枪,右导轨
m250,M250通用机枪,左导轨
m250,M250通用机枪,侧瞄具
m250,M250通用机枪,枪管
m250,M250通用机枪,枪口
m250,M250通用机枪,枪托
m250,M250通用机枪,后握把
m250,M250通用机枪,前握把
m250,M250通用机枪,弹匣
m250,M250通用机枪,遮光罩
m250,M250通用机枪,上副瞄具
m250,M250通用机枪,战术设备
m250,M250通用机枪,增高座瞄具
m250,M250通用机枪,后握贴片
m250,M250通用机枪,握把座
m4a1,M4A1突击步枪,上贴片
m4a1,M4A1突击步枪,右贴片
m4a1,M4A1突击步枪,瞄准镜
m4a1,M4A1突击步枪,左贴片
m4a1,M4A1突击步枪,侧瞄具
m4a1,M4A1突击步枪,上导轨
m4a1,M4A1突击步枪,枪管
m4a1,M4A1突击步枪,前握把
m4a1,M4A1突击步枪,右导轨
m4a1,M4A1突击步枪,枪托套件
m4a1,M4A1突击步枪,左导轨
m4a1,M4A1突击步枪,枪托
m4a1,M4A1突击步枪,枪口
m4a1,M4A1突击步枪,导轨脚架
m4a1,M4A1突击步枪,后握把
m4a1,M4A1突击步枪,弹匣
m4a1,M4A1突击步枪,弹匣座
m4a1,M4A1突击步枪,遮光罩
m4a1,M4A1突击步枪,上副瞄具
m4a1,M4A1突击步枪,战术设备
m4a1,M4A1突击步枪,增高座瞄具
m4a1,M4A1突击步枪,托腮板
m4a1,M4A1突击步枪,后握贴片
m4a1,M4A1突击步枪,握把座
m700,M700狙击步枪,瞄准镜
m700,M700狙击步枪,侧瞄具
m700,M700狙击步枪,枪管
m700,M700狙击步枪,弹匣
m700,M700狙击步枪,枪口
m700,M700狙击步枪,护木
m700,M700狙击步枪,遮光罩
m700,M700狙击步枪,上副瞄具
m700,M700狙击步枪,战术设备
m700,M700狙击步枪,增高座瞄具
m700,M700狙击步枪,右导轨
m700,M700狙击步枪,左导轨
m700,M700狙击步枪,导轨脚架
m700,M700狙击步枪,托腮板
m700,M700狙击步枪,前握把
m700,M700狙击步枪,后握把
m700,M700狙击步枪,上导轨
m700,M700狙击步枪,左贴片
m700,M700狙击步枪,上贴片
m700,M700狙击步枪,右贴片
m700,M700狙击步枪,后握贴片
m700,M700狙击步枪,握把座
m7,M７战斗步枪,上导轨
m7,M７战斗步枪,瞄准镜
m7,M７战斗步枪,右贴片
m7,M７战斗步枪,左贴片
m7,M７战斗步枪,侧瞄具
m7,M７战斗步枪,枪管
m7,M７战斗步枪,右导轨
m7,M７战斗步枪,左导轨
m7,M７战斗步枪,枪托
m7,M７战斗步枪,枪口
m7,M７战斗步枪,前握把
m7,M７战斗步枪,后握把
m7,M７战斗步枪,导轨脚架
m7,M７战斗步枪,弹匣
m7,M７战斗步枪,弹匣座
m7,M７战斗步枪,遮光罩
m7,M７战斗步枪,上副瞄具
m7,M７战斗步枪,战术设备
m7,M７战斗步枪,增高座瞄具
m7,M７战斗步枪,上贴片
m7,M７战斗步枪,后握贴片
m7,M７战斗步枪,握把座
m82,M82狙击步枪,上贴片
m82,M82狙击步枪,前握把
m82,M82狙击步枪,上导轨
m82,M82狙击步枪,瞄准镜
m82,M82狙击步枪,侧瞄具
m82,M82狙击步枪,枪管
m82,M82狙击步枪,枪口
m82,M82狙击步枪,枪托
m82,M82狙击步枪,导轨脚架
m82,M82狙击步枪,弹匣
m82,M82狙击步枪,后握把
m82,M82狙击步枪,遮光罩
m82,M82狙击步枪,上副瞄具
m82,M82狙击步枪,战术设备
m82,M82狙击步枪,增高座瞄具
m82,M82狙击步枪,握把座
m870,M870霰弹枪,瞄准镜
m870,M870霰弹枪,侧瞄具
m870,M870霰弹枪,护木
m870,M870霰弹枪,弹匣
m870,M870霰弹枪,枪管
m870,M870霰弹枪,枪口
m870,M870霰弹枪,枪托
m870,M870霰弹枪,遮光罩
m870,M870霰弹枪,上副瞄具
m870,M870霰弹枪,战术设备
m870,M870霰弹枪,增高座瞄具
m870,M870霰弹枪,前握把
m870,M870霰弹枪,左导轨
m870,M870霰弹枪,右导轨
mcxlt,MCXLT突击步枪,上贴片
mcxlt,MCXLT突击步枪,瞄准镜
mcxlt,MCXLT突击步枪,上导轨
mcxlt,MCXLT突击步枪,侧瞄具
mcxlt,MCXLT突击步枪,枪管
mcxlt,MCXLT突击步枪,右导轨
mcxlt,MCXLT突击步枪,左导轨
mcxlt,MCXLT突击步枪,前握把
mcxlt,MCXLT突击步枪,枪口
mcxlt,MCXLT突击步枪,枪托
mcxlt,MCXLT突击步枪,后握把
mcxlt,MCXLT突击步枪,弹匣
mcxlt,MCXLT突击步枪,弹匣座
mcxlt,MCXLT突击步枪,遮光罩
mcxlt,MCXLT突击步枪,上副瞄具
mcxlt,MCXLT突击步枪,战术设备
mcxlt,MCXLT突击步枪,增高座瞄具
mcxlt,MCXLT突击步枪,右贴片
mcxlt,MCXLT突击步枪,左贴片
mcxlt,MCXLT突击步枪,隔热网
mcxlt,MCXLT突击步枪,后握贴片
mcxlt,MCXLT突击步枪,握把座
mini-14,Mini-14射手步枪,侧瞄具
mini-14,Mini-14射手步枪,弹匣
mini-14,Mini-14射手步枪,瞄准镜
mini-14,Mini-14射手步枪,枪管
mini-14,Mini-14射手步枪,枪口
mini-14,Mini-14射手步枪,护木
mini-14,Mini-14射手步枪,弹匣座
mini-14,Mini-14射手步枪,遮光罩
mini-14,Mini-14射手步枪,上副瞄具
mini-14,Mini-14射手步枪,战术设备
mini-14,Mini-14射手步枪,增高座瞄具
mini-14,Mini-14射手步枪,枪托
mini-14,Mini-14射手步枪,前握把
mini-14,Mini-14射手步枪,导轨脚架
mini-14,Mini-14射手步枪,左导轨
mini-14,Mini-14射手步枪,右导轨
mk47,MK47突击步枪,上贴片
mk47,MK47突击步枪,右贴片
mk47,MK47突击步枪,瞄准镜
mk47,MK47突击步枪,左贴片
mk47,MK47突击步枪,上导轨
mk47,MK47突击步枪,侧瞄具
mk47,MK47突击步枪,枪管
mk47,MK47突击步枪,前握把
mk47,MK47突击步枪,右导轨
mk47,MK47突击步枪,枪托
mk47,MK47突击步枪,左导轨
mk47,MK47突击步枪,枪口
mk47,MK47突击步枪,后握把
mk47,MK47突击步枪,弹匣
mk47,MK47突击步枪,弹匣座
mk47,MK47突击步枪,遮光罩
mk47,MK47突击步枪,上副瞄具
mk47,MK47突击步枪,战术设备
mk47,MK47突击步枪,增高座瞄具
mk47,MK47突击步枪,后握贴片
mk47,MK47突击步枪,握把座
mk4,MK4冲锋枪,瞄准镜
mk4,MK4冲锋枪,侧瞄具
mk4,MK4冲锋枪,上导轨
mk4,MK4冲锋枪,枪管
mk4,MK4冲锋枪,右导轨
mk4,MK4冲锋枪,左导轨
mk4,MK4冲锋枪,枪口
mk4,MK4冲锋枪,枪托
mk4,MK4冲锋枪,前握把
mk4,MK4冲锋枪,后握把
mk4,MK4冲锋枪,弹匣
mk4,MK4冲锋枪,弹匣座
mk4,MK4冲锋枪,遮光罩
mk4,MK4冲锋枪,上副瞄具
mk4,MK4冲锋枪,战术设备
mk4,MK4冲锋枪,增高座瞄具
mk4,MK4冲锋枪,左贴片
mk4,MK4冲锋枪,右贴片
mk4,MK4冲锋枪,上贴片
mk4,MK4冲锋枪,托腮板
mk4,MK4冲锋枪,后握贴片
mk4,MK4冲锋枪,握把座
mp5,MP5冲锋枪,瞄准镜
mp5,MP5冲锋枪,侧瞄具
mp5,MP5冲锋枪,枪管
mp5,MP5冲锋枪,枪口
mp5,MP5冲锋枪,前握把
mp5,MP5冲锋枪,枪托
mp5,MP5冲锋枪,弹匣
mp5,MP5冲锋枪,弹匣座
mp5,MP5冲锋枪,遮光罩
mp5,MP5冲锋枪,上副瞄具
mp5,MP5冲锋枪,战术设备
mp5,MP5冲锋枪,增高座瞄具
mp5,MP5冲锋枪,右导轨
mp5,MP5冲锋枪,左导轨
mp5,MP5冲锋枪,上导轨
mp7,MP7冲锋枪,瞄准镜
mp7,MP7冲锋枪,侧瞄具
mp7,MP7冲锋枪,右导轨
mp7,MP7冲锋枪,枪管
mp7,MP7冲锋枪,左导轨
mp7,MP7冲锋枪,枪口
mp7,MP7冲锋枪,枪托
mp7,MP7冲锋枪,前握把
mp7,MP7冲锋枪,后握把
mp7,MP7冲锋枪,弹匣
mp7,MP7冲锋枪,遮光罩
mp7,MP7冲锋枪,上副瞄具
mp7,MP7冲锋枪,战术设备
mp7,MP7冲锋枪,增高座瞄具
mp7,MP7冲锋枪,上导轨
mp7,MP7冲锋枪,左贴片
mp7,MP7冲锋枪,右贴片
mp7,MP7冲锋枪,导轨脚架
p90,P90冲锋枪,侧瞄具
p90,P90冲锋枪,瞄准镜
p90,P90冲锋枪,右导轨
p90,P90冲锋枪,托腮板
p90,P90冲锋枪,枪管
p90,P90冲锋枪,枪口
p90,P90冲锋枪,枪托
p90,P90冲锋枪,前握把
p90,P90冲锋枪,遮光罩
p90,P90冲锋枪,上副瞄具
p90,P90冲锋枪,战术设备
p90,P90冲锋枪,增高座瞄具
p90,P90冲锋枪,左导轨
p90,P90冲锋枪,上导轨
pkm,PKM通用机枪,瞄准镜
pkm,PKM通用机枪,枪管
pkm,PKM通用机枪,枪口
pkm,PKM通用机枪,枪托
pkm,PKM通用机枪,导轨脚架
pkm,PKM通用机枪,后握把
pkm,PKM通用机枪,弹匣
pkm,PKM通用机枪,遮光罩
pkm,PKM通用机枪,上副瞄具
pkm,PKM通用机枪,战术设备
pkm,PKM通用机枪,增高座瞄具
pkm,PKM通用机枪,前握把
pkm,PKM通用机枪,上导轨
pkm,PKM通用机枪,左导轨
pkm,PKM通用机枪,右导轨
pkm,PKM通用机枪,握把座
psg-1,PSG-1射手步枪,瞄准镜
psg-1,PSG-1射手步枪,前握把
psg-1,PSG-1射手步枪,侧瞄具
psg-1,PSG-1射手步枪,右导轨
psg-1,PSG-1射手步枪,枪管
psg-1,PSG-1射手步枪,弹匣
psg-1,PSG-1射手步枪,导轨脚架
psg-1,PSG-1射手步枪,枪托
psg-1,PSG-1射手步枪,枪口
psg-1,PSG-1射手步枪,弹匣座
psg-1,PSG-1射手步枪,扳机
psg-1,PSG-1射手步枪,后握把
psg-1,PSG-1射手步枪,遮光罩
psg-1,PSG-1射手步枪,上副瞄具
psg-1,PSG-1射手步枪,战术设备
psg-1,PSG-1射手步枪,增高座瞄具
psg-1,PSG-1射手步枪,上导轨
psg-1,PSG-1射手步枪,左贴片
psg-1,PSG-1射手步枪,左导轨
psg-1,PSG-1射手步枪,右贴片
ptr-32,PTR-32突击步枪,瞄准镜
ptr-32,PTR-32突击步枪,侧瞄具
ptr-32,PTR-32突击步枪,前握把
ptr-32,PTR-32突击步枪,枪管
ptr-32,PTR-32突击步枪,右导轨
ptr-32,PTR-32突击步枪,枪口
ptr-32,PTR-32突击步枪,枪托
ptr-32,PTR-32突击步枪,后握把
ptr-32,PTR-32突击步枪,弹匣
ptr-32,PTR-32突击步枪,弹匣座
ptr-32,PTR-32突击步枪,遮光罩
ptr-32,PTR-32突击步枪,上副瞄具
ptr-32,PTR-32突击步枪,战术设备
ptr-32,PTR-32突击步枪,增高座瞄具
ptr-32,PTR-32突击步枪,上导轨
ptr-32,PTR-32突击步枪,左导轨
ptr-32,PTR-32突击步枪,导轨脚架
ptr-32,PTR-32突击步枪,左贴片
ptr-32,PTR-32突击步枪,右贴片
qbz95-1,QBZ95-1突击步枪,护木套件
qbz95-1,QBZ95-1突击步枪,枪管
qbz95-1,QBZ95-1突击步枪,托腮板
qbz95-1,QBZ95-1突击步枪,枪口
qbz95-1,QBZ95-1突击步枪,前握把
qbz95-1,QBZ95-1突击步枪,弹匣
qbz95-1,QBZ95-1突击步枪,弹匣座
qbz95-1,QBZ95-1突击步枪,后握把
qbz95-1,QBZ95-1突击步枪,瞄准镜
qbz95-1,QBZ95-1突击步枪,上导轨
qbz95-1,QBZ95-1突击步枪,左导轨
qbz95-1,QBZ95-1突击步枪,右导轨
qbz95-1,QBZ95-1突击步枪,侧瞄具
qbz95-1,QBZ95-1突击步枪,左贴片
qbz95-1,QBZ95-1突击步枪,右贴片
qbz95-1,QBZ95-1突击步枪,导轨脚架
qbz95-1,QBZ95-1突击步枪,遮光罩
qbz95-1,QBZ95-1突击步枪,上副瞄具
qbz95-1,QBZ95-1突击步枪,战术设备
qbz95-1,QBZ95-1突击步枪,增高座瞄具
qcq171,QCQ171冲锋枪,枪机
qcq171,QCQ171冲锋枪,瞄准镜
qcq171,QCQ171冲锋枪,上导轨
qcq171,QCQ171冲锋枪,侧瞄具
qcq171,QCQ171冲锋枪,右导轨
qcq171,QCQ171冲锋枪,枪管
qcq171,QCQ171冲锋枪,左导轨
qcq171,QCQ171冲锋枪,枪口
qcq171,QCQ171冲锋枪,枪托
qcq171,QCQ171冲锋枪,前握把
qcq171,QCQ171冲锋枪,后握把
qcq171,QCQ171冲锋枪,弹匣
qcq171,QCQ171冲锋枪,弹匣座
qcq171,QCQ171冲锋枪,遮光罩
qcq171,QCQ171冲锋枪,上副瞄具
qcq171,QCQ171冲锋枪,战术设备
qcq171,QCQ171冲锋枪,增高座瞄具
qcq171,QCQ171冲锋枪,左贴片
qcq171,QCQ171冲锋枪,上贴片
qcq171,QCQ171冲锋枪,导轨脚架
qcq171,QCQ171冲锋枪,右贴片
qjb201,QJB201轻机枪,右导轨
qjb201,QJB201轻机枪,枪管
qjb201,QJB201轻机枪,瞄准镜
qjb201,QJB201轻机枪,左导轨
qjb201,QJB201轻机枪,前握把
qjb201,QJB201轻机枪,导轨脚架
qjb201,QJB201轻机枪,枪托
qjb201,QJB201轻机枪,枪口
qjb201,QJB201轻机枪,弹匣
qjb201,QJB201轻机枪,导气
qjb201,QJB201轻机枪,后握把
qjb201,QJB201轻机枪,左贴片
qjb201,QJB201轻机枪,上导轨
qjb201,QJB201轻机枪,上贴片
qjb201,QJB201轻机枪,右贴片
qjb201,QJB201轻机枪,遮光罩
qjb201,QJB201轻机枪,增高座瞄具
qsz92g,QSZ92G,枪管
qsz92g,QSZ92G,瞄准镜
qsz92g,QSZ92G,枪口
qsz92g,QSZ92G,下导轨
r93,R93狙击步枪,瞄准镜
r93,R93狙击步枪,侧瞄具
r93,R93狙击步枪,枪管
r93,R93狙击步枪,隔热网
r93,R93狙击步枪,枪口
r93,R93狙击步枪,弹匣
r93,R93狙击步枪,导轨脚架
r93,R93狙击步枪,遮光罩
r93,R93狙击步枪,上副瞄具
r93,R93狙击步枪,战术设备
r93,R93狙击步枪,增高座瞄具
r93,R93狙击步枪,右导轨
r93,R93狙击步枪,上导轨
r93,R93狙击步枪,左导轨
r93,R93狙击步枪,上贴片
rm277,RM277突击步枪,瞄准镜
rm277,RM277突击步枪,侧瞄具
rm277,RM277突击步枪,右贴片
rm277,RM277突击步枪,枪管
rm277,RM277突击步枪,左贴片
rm277,RM277突击步枪,托腮板
rm277,RM277突击步枪,右导轨
rm277,RM277突击步枪,左导轨
rm277,RM277突击步枪,枪托垫
rm277,RM277突击步枪,枪口
rm277,RM277突击步枪,前握把
rm277,RM277突击步枪,弹匣
rm277,RM277突击步枪,导轨脚架
rm277,RM277突击步枪,弹匣座
rm277,RM277突击步枪,后握把
rm277,RM277突击步枪,遮光罩
rm277,RM277突击步枪,上副瞄具
rm277,RM277突击步枪,战术设备
rm277,RM277突击步枪,增高座瞄具
rm277,RM277突击步枪,上导轨
rm277,RM277突击步枪,后握贴片
rm277,RM277突击步枪,握把座
s12k,S12K霰弹枪,拉机柄
s12k,S12K霰弹枪,瞄准镜
s12k,S12K霰弹枪,侧瞄具
s12k,S12K霰弹枪,枪管
s12k,S12K霰弹枪,右导轨
s12k,S12K霰弹枪,前握把
s12k,S12K霰弹枪,枪托
s12k,S12K霰弹枪,枪口
s12k,S12K霰弹枪,枪托垫
s12k,S12K霰弹枪,后握把
s12k,S12K霰弹枪,弹匣
s12k,S12K霰弹枪,遮光罩
s12k,S12K霰弹枪,上副瞄具
s12k,S12K霰弹枪,战术设备
s12k,S12K霰弹枪,增高座瞄具
s12k,S12K霰弹枪,左导轨
s12k,S12K霰弹枪,左贴片
s12k,S12K霰弹枪,导轨脚架
s12k,S12K霰弹枪,右贴片
s12k,S12K霰弹枪,上导轨
s12k,S12K霰弹枪,握把座
scar-h,SCAR-H战斗步枪,瞄准镜
scar-h,SCAR-H战斗步枪,上导轨
scar-h,SCAR-H战斗步枪,侧瞄具
scar-h,SCAR-H战斗步枪,枪管
scar-h,SCAR-H战斗步枪,右导轨
scar-h,SCAR-H战斗步枪,左导轨
scar-h,SCAR-H战斗步枪,前握把
scar-h,SCAR-H战斗步枪,枪口
scar-h,SCAR-H战斗步枪,枪托
scar-h,SCAR-H战斗步枪,后握把
scar-h,SCAR-H战斗步枪,弹匣
scar-h,SCAR-H战斗步枪,弹匣座
scar-h,SCAR-H战斗步枪,遮光罩
scar-h,SCAR-H战斗步枪,上副瞄具
scar-h,SCAR-H战斗步枪,战术设备
scar-h,SCAR-H战斗步枪,增高座瞄具
scar-h,SCAR-H战斗步枪,上贴片
scar-h,SCAR-H战斗步枪,左贴片
scar-h,SCAR-H战斗步枪,导轨脚架
scar-h,SCAR-H战斗步枪,右贴片
scar-h,SCAR-H战斗步枪,后握贴片
scar-h,SCAR-H战斗步枪,握把座
sg552,SG552突击步枪,瞄准镜
sg552,SG552突击步枪,侧瞄具
sg552,SG552突击步枪,右导轨
sg552,SG552突击步枪,枪管
sg552,SG552突击步枪,枪口
sg552,SG552突击步枪,前握把
sg552,SG552突击步枪,枪托
sg552,SG552突击步枪,后握把
sg552,SG552突击步枪,弹匣
sg552,SG552突击步枪,弹匣座
sg552,SG552突击步枪,遮光罩
sg552,SG552突击步枪,上副瞄具
sg552,SG552突击步枪,战术设备
sg552,SG552突击步枪,增高座瞄具
sg552,SG552突击步枪,左导轨
sg552,SG552突击步枪,上导轨
sg552,SG552突击步枪,导轨脚架
sg552,SG552突击步枪,上贴片
sg552,SG552突击步枪,左贴片
sg552,SG552突击步枪,右贴片
sg552,SG552突击步枪,后握贴片
sg552,SG552突击步枪,握把座
sks,SKS射手步枪,护木套件
sks,SKS射手步枪,瞄准镜
sks,SKS射手步枪,枪管
sks,SKS射手步枪,枪口
sks,SKS射手步枪,后握把
sks,SKS射手步枪,枪托
sks,SKS射手步枪,弹匣
sks,SKS射手步枪,前握把
sks,SKS射手步枪,导轨脚架
sks,SKS射手步枪,上导轨
sks,SKS射手步枪,左导轨
sks,SKS射手步枪,右导轨
sks,SKS射手步枪,遮光罩
sks,SKS射手步枪,上副瞄具
sks,SKS射手步枪,战术设备
sks,SKS射手步枪,增高座瞄具
sks,SKS射手步枪,握把座
smg-45,SMG-45冲锋枪,瞄准镜
smg-45,SMG-45冲锋枪,侧瞄具
smg-45,SMG-45冲锋枪,上导轨
smg-45,SMG-45冲锋枪,枪管
smg-45,SMG-45冲锋枪,右导轨
smg-45,SMG-45冲锋枪,左导轨
smg-45,SMG-45冲锋枪,枪口
smg-45,SMG-45冲锋枪,枪托
smg-45,SMG-45冲锋枪,前握把
smg-45,SMG-45冲锋枪,后握把
smg-45,SMG-45冲锋枪,弹匣
smg-45,SMG-45冲锋枪,弹匣座
smg-45,SMG-45冲锋枪,遮光罩
smg-45,SMG-45冲锋枪,上副瞄具
smg-45,SMG-45冲锋枪,战术设备
smg-45,SMG-45冲锋枪,增高座瞄具
smg-45,SMG-45冲锋枪,上贴片
smg-45,SMG-45冲锋枪,导轨脚架
smg-45,SMG-45冲锋枪,左贴片
smg-45,SMG-45冲锋枪,右贴片
smg-45,SMG-45冲锋枪,后握贴片
smg-45,SMG-45冲锋枪,握把座
sr-25,SR-25射手步枪,上贴片
sr-25,SR-25射手步枪,瞄准镜
sr-25,SR-25射手步枪,护木
sr-25,SR-25射手步枪,上导轨
sr-25,SR-25射手步枪,侧瞄具
sr-25,SR-25射手步枪,右贴片
sr-25,SR-25射手步枪,左贴片
sr-25,SR-25射手步枪,弹匣
sr-25,SR-25射手步枪,枪管
sr-25,SR-25射手步枪,前握把
sr-25,SR-25射手步枪,右导轨
sr-25,SR-25射手步枪,枪托
sr-25,SR-25射手步枪,左导轨
sr-25,SR-25射手步枪,枪口
sr-25,SR-25射手步枪,后握把
sr-25,SR-25射手步枪,导轨脚架
sr-25,SR-25射手步枪,遮光罩
sr-25,SR-25射手步枪,上副瞄具
sr-25,SR-25射手步枪,战术设备
sr-25,SR-25射手步枪,增高座瞄具
sr-25,SR-25射手步枪,后握贴片
sr-25,SR-25射手步枪,握把座
sr-3m,SR-3M紧凑突击步枪,瞄准镜
sr-3m,SR-3M紧凑突击步枪,侧瞄具
sr-3m,SR-3M紧凑突击步枪,拉机柄
sr-3m,SR-3M紧凑突击步枪,右导轨
sr-3m,SR-3M紧凑突击步枪,左导轨
sr-3m,SR-3M紧凑突击步枪,枪口
sr-3m,SR-3M紧凑突击步枪,枪管
sr-3m,SR-3M紧凑突击步枪,枪托
sr-3m,SR-3M紧凑突击步枪,弹匣
sr-3m,SR-3M紧凑突击步枪,后握把
sr-3m,SR-3M紧凑突击步枪,弹匣座
sr-3m,SR-3M紧凑突击步枪,遮光罩
sr-3m,SR-3M紧凑突击步枪,上副瞄具
sr-3m,SR-3M紧凑突击步枪,战术设备
sr-3m,SR-3M紧凑突击步枪,增高座瞄具
sr-3m,SR-3M紧凑突击步枪,前握把
sr-3m,SR-3M紧凑突击步枪,上导轨
sr-3m,SR-3M紧凑突击步枪,右贴片
sr-3m,SR-3M紧凑突击步枪,左贴片
sr-3m,SR-3M紧凑突击步枪,握把座
sr9,SR9射手步枪,瞄准镜
sr9,SR9射手步枪,侧瞄具
sr9,SR9射手步枪,前握把
sr9,SR9射手步枪,枪管
sr9,SR9射手步枪,右导轨
sr9,SR9射手步枪,弹匣
sr9,SR9射手步枪,枪口
sr9,SR9射手步枪,弹匣座
sr9,SR9射手步枪,扳机
sr9,SR9射手步枪,遮光罩
sr9,SR9射手步枪,上副瞄具
sr9,SR9射手步枪,战术设备
sr9,SR9射手步枪,增高座瞄具
sr9,SR9射手步枪,上导轨
sr9,SR9射手步枪,左导轨
sr9,SR9射手步枪,导轨脚架
sr9,SR9射手步枪,左贴片
sr9,SR9射手步枪,右贴片
sv-98,SV-98狙击步枪,瞄准镜
sv-98,SV-98狙击步枪,上导轨
sv-98,SV-98狙击步枪,侧瞄具
sv-98,SV-98狙击步枪,枪管
sv-98,SV-98狙击步枪,导轨脚架
sv-98,SV-98狙击步枪,枪口
sv-98,SV-98狙击步枪,右导轨
sv-98,SV-98狙击步枪,左导轨
sv-98,SV-98狙击步枪,遮光罩
sv-98,SV-98狙击步枪,上副瞄具
sv-98,SV-98狙击步枪,战术设备
sv-98,SV-98狙击步枪,增高座瞄具
svch,SVCH精确射手步枪,上贴片
svch,SVCH精确射手步枪,右贴片
svch,SVCH精确射手步枪,左贴片
svch,SVCH精确射手步枪,护木
svch,SVCH精确射手步枪,前握把
svch,SVCH精确射手步枪,上导轨
svch,SVCH精确射手步枪,瞄准镜
svch,SVCH精确射手步枪,右导轨
svch,SVCH精确射手步枪,侧瞄具
svch,SVCH精确射手步枪,左导轨
svch,SVCH精确射手步枪,枪管
svch,SVCH精确射手步枪,枪托
svch,SVCH精确射手步枪,枪口
svch,SVCH精确射手步枪,后握把
svch,SVCH精确射手步枪,弹匣
svch,SVCH精确射手步枪,弹匣座
svch,SVCH精确射手步枪,遮光罩
svch,SVCH精确射手步枪,上副瞄具
svch,SVCH精确射手步枪,战术设备
svch,SVCH精确射手步枪,增高座瞄具
svch,SVCH精确射手步枪,枪机
svd,SVD狙击步枪,拉机柄
svd,SVD狙击步枪,瞄准镜
svd,SVD狙击步枪,侧瞄具
svd,SVD狙击步枪,护木
svd,SVD狙击步枪,枪管
svd,SVD狙击步枪,枪口
svd,SVD狙击步枪,后握把
svd,SVD狙击步枪,弹匣
svd,SVD狙击步枪,弹匣座
svd,SVD狙击步枪,遮光罩
svd,SVD狙击步枪,上副瞄具
svd,SVD狙击步枪,战术设备
svd,SVD狙击步枪,增高座瞄具
svd,SVD狙击步枪,导轨脚架
svd,SVD狙击步枪,上导轨
svd,SVD狙击步枪,前握把
svd,SVD狙击步枪,上贴片
svd,SVD狙击步枪,左导轨
svd,SVD狙击步枪,右导轨
svd,SVD狙击步枪,枪托
svd,SVD狙击步枪,后握把2
svd,SVD狙击步枪,握把座
uzi,UZI冲锋枪,瞄准镜
uzi,UZI冲锋枪,护木
uzi,UZI冲锋枪,右导轨
uzi,UZI冲锋枪,枪管
uzi,UZI冲锋枪,左导轨
uzi,UZI冲锋枪,枪口
uzi,UZI冲锋枪,枪托
uzi,UZI冲锋枪,前握把
uzi,UZI冲锋枪,弹匣
uzi,UZI冲锋枪,弹匣座
uzi,UZI冲锋枪,遮光罩
uzi,UZI冲锋枪,上副瞄具
uzi,UZI冲锋枪,战术设备
uzi,UZI冲锋枪,增高座瞄具
vector,Vector冲锋枪,瞄准镜
vector,Vector冲锋枪,侧瞄具
vector,Vector冲锋枪,上导轨
vector,Vector冲锋枪,枪管
vector,Vector冲锋枪,枪口
vector,Vector冲锋枪,枪托
vector,Vector冲锋枪,前握把
vector,Vector冲锋枪,弹匣
vector,Vector冲锋枪,弹匣座
vector,Vector冲锋枪,遮光罩
vector,Vector冲锋枪,上副瞄具
vector,Vector冲锋枪,战术设备
vector,Vector冲锋枪,增高座瞄具
vector,Vector冲锋枪,左导轨
vector,Vector冲锋枪,导轨脚架
vector,Vector冲锋枪,左贴片
vector,Vector冲锋枪,上贴片
vector,Vector冲锋枪,右导轨
vector,Vector冲锋枪,右贴片
vss,VSS射手步枪,拉机柄
vss,VSS射手步枪,瞄准镜
vss,VSS射手步枪,侧瞄具
vss,VSS射手步枪,枪管
vss,VSS射手步枪,右导轨
vss,VSS射手步枪,左导轨
vss,VSS射手步枪,前握把
vss,VSS射手步枪,枪托
vss,VSS射手步枪,弹匣
vss,VSS射手步枪,弹匣座
vss,VSS射手步枪,遮光罩
vss,VSS射手步枪,上副瞄具
vss,VSS射手步枪,战术设备
vss,VSS射手步枪,增高座瞄具
vss,VSS射手步枪,上导轨
vss,VSS射手步枪,导轨脚架
